Actual Price,Predicted Price,Residual,Absolute Error
310000.0,304962.06,5037.9375,5037.9375
823000.0,861820.44,-38820.4375,38820.4375
275000.0,341060.66,-66060.65625,66060.65625
329900.0,278664.22,51235.78125,51235.78125
932990.0,961926.44,-28936.4375,28936.4375
284900.0,255314.77,29585.234375,29585.234375
436000.0,479013.38,-43013.375,43013.375
903000.0,594148.7,308851.3125,308851.3125
253500.0,250574.06,2925.9375,2925.9375
570000.0,656972.6,-86972.625,86972.625
610000.0,629282.94,-19282.9375,19282.9375
218000.0,217122.25,877.75,877.75
745000.0,762091.5,-17091.5,17091.5
700000.0,522254.22,177745.78125,177745.78125
645000.0,542339.1,102660.875,102660.875
434975.0,401395.97,33579.03125,33579.03125
575700.0,502926.6,72773.40625,72773.40625
535000.0,594268.8,-59268.8125,59268.8125
160000.0,246361.52,-86361.515625,86361.515625
267500.0,233864.2,33635.796875,33635.796875
805000.0,848578.9,-43578.875,43578.875
949990.0,926801.94,23188.0625,23188.0625
600000.0,544577.56,55422.4375,55422.4375
3204000.0,2311836.0,892164.0,892164.0
325000.0,339765.66,-14765.65625,14765.65625
661000.0,618778.06,42221.9375,42221.9375
293000.0,373855.7,-80855.6875,80855.6875
525000.0,448715.62,76284.375,76284.375
450000.0,417896.8,32103.1875,32103.1875
613500.0,671320.0,-57820.0,57820.0
577500.0,606725.9,-29225.875,29225.875
475000.0,480785.94,-5785.9375,5785.9375
310000.0,293914.12,16085.875,16085.875
459000.0,370464.8,88535.1875,88535.1875
265000.0,274627.94,-9627.9375,9627.9375
249500.0,233368.27,16131.734375,16131.734375
250000.0,250405.64,-405.640625,405.640625
362000.0,530321.75,-168321.75,168321.75
640000.0,681337.94,-41337.9375,41337.9375
334200.0,380942.97,-46742.96875,46742.96875
630000.0,505095.8,124904.1875,124904.1875
961000.0,742810.8,218189.1875,218189.1875
490000.0,494124.7,-4124.6875,4124.6875
470000.0,506061.1,-36061.09375,36061.09375
1379900.0,1106736.8,273163.25,273163.25
575000.0,590094.8,-15094.8125,15094.8125
260000.0,389619.56,-129619.5625,129619.5625
620000.0,575651.2,44348.8125,44348.8125
675000.0,574360.3,100639.6875,100639.6875
328423.0,320052.0,8371.0,8371.0
210000.0,223758.69,-13758.6875,13758.6875
261000.0,315197.94,-54197.9375,54197.9375
305000.0,240993.75,64006.25,64006.25
679000.0,718410.94,-39410.9375,39410.9375
372500.0,391423.62,-18923.625,18923.625
608000.0,557483.9,50516.125,50516.125
285000.0,206190.16,78809.84375,78809.84375
780000.0,692196.1,87803.875,87803.875
625504.0,527191.3,98312.6875,98312.6875
320000.0,361495.97,-41495.96875,41495.96875
736500.0,764204.3,-27704.3125,27704.3125
670000.0,565302.0,104698.0,104698.0
207000.0,178625.44,28374.5625,28374.5625
555000.0,597005.7,-42005.6875,42005.6875
2300000.0,1463469.9,836530.125,836530.125
825000.0,1180964.6,-355964.625,355964.625
599000.0,642893.2,-43893.1875,43893.1875
569950.0,652516.75,-82566.75,82566.75
169317.0,581452.8,-412135.8125,412135.8125
260000.0,276739.94,-16739.9375,16739.9375
500000.0,537061.94,-37061.9375,37061.9375
347000.0,302452.34,44547.65625,44547.65625
676500.0,721934.25,-45434.25,45434.25
386000.0,363330.88,22669.125,22669.125
489000.0,445323.88,43676.125,43676.125
274900.0,266625.16,8274.84375,8274.84375
290000.0,313635.1,-23635.09375,23635.09375
245000.0,266855.62,-21855.625,21855.625
936000.0,938035.4,-2035.375,2035.375
428950.0,393473.88,35476.125,35476.125
380000.0,393486.62,-13486.625,13486.625
381800.0,362343.3,19456.6875,19456.6875
259000.0,276548.12,-17548.125,17548.125
535000.0,448229.75,86770.25,86770.25
630000.0,533559.8,96440.1875,96440.1875
499950.0,568194.2,-68244.1875,68244.1875
495000.0,540046.5,-45046.5,45046.5
290000.0,371895.62,-81895.625,81895.625
790000.0,655824.5,134175.5,134175.5
475000.0,472113.88,2886.125,2886.125
555000.0,469335.1,85664.90625,85664.90625
219000.0,208056.39,10943.609375,10943.609375
615000.0,551945.1,63054.875,63054.875
267000.0,267555.62,-555.625,555.625
385000.0,278165.6,106834.40625,106834.40625
1500000.0,1034139.3,465860.6875,465860.6875
419500.0,417181.25,2318.75,2318.75
337500.0,307526.88,29973.125,29973.125
418000.0,380747.22,37252.78125,37252.78125
326000.0,489046.53,-163046.53125,163046.53125
930000.0,923257.4,6742.625,6742.625
859990.0,853896.2,6093.8125,6093.8125
925000.0,1043559.06,-118559.0625,118559.0625
500000.0,525434.5,-25434.5,25434.5
430000.0,483880.72,-53880.71875,53880.71875
300000.0,252649.19,47350.8125,47350.8125
472500.0,499680.9,-27180.90625,27180.90625
600000.0,717162.4,-117162.375,117162.375
258500.0,254799.33,3700.671875,3700.671875
425000.0,471441.25,-46441.25,46441.25
575000.0,881310.2,-306310.1875,306310.1875
1425000.0,925118.8,499881.1875,499881.1875
685000.0,672747.25,12252.75,12252.75
320900.0,323135.2,-2235.1875,2235.1875
638250.0,617861.1,20388.875,20388.875
358990.0,326188.38,32801.625,32801.625
220000.0,205215.56,14784.4375,14784.4375
338000.0,277249.5,60750.5,60750.5
515000.0,481776.88,33223.125,33223.125
851000.0,739445.75,111554.25,111554.25
895000.0,768372.75,126627.25,126627.25
598500.0,578333.75,20166.25,20166.25
494000.0,445834.66,48165.34375,48165.34375
403500.0,487607.97,-84107.96875,84107.96875
643000.0,480265.34,162734.65625,162734.65625
672000.0,463200.1,208799.90625,208799.90625
395000.0,202652.62,192347.375,192347.375
443000.0,361383.6,81616.40625,81616.40625
205000.0,226070.06,-21070.0625,21070.0625
353000.0,376831.38,-23831.375,23831.375
460000.0,453263.88,6736.125,6736.125
225000.0,263334.72,-38334.71875,38334.71875
240000.0,231807.38,8192.625,8192.625
545000.0,491024.28,53975.71875,53975.71875
450000.0,391276.56,58723.4375,58723.4375
229950.0,173146.34,56803.65625,56803.65625
850000.0,820986.56,29013.4375,29013.4375
313100.0,340746.94,-27646.9375,27646.9375
225000.0,281496.06,-56496.0625,56496.0625
620000.0,682103.8,-62103.8125,62103.8125
1200000.0,1099716.0,100284.0,100284.0
500000.0,484144.75,15855.25,15855.25
358000.0,360162.88,-2162.875,2162.875
750000.0,753955.25,-3955.25,3955.25
651000.0,611799.5,39200.5,39200.5
352500.0,345706.84,6793.15625,6793.15625
335000.0,308105.2,26894.8125,26894.8125
555000.0,504764.03,50235.96875,50235.96875
603000.0,638438.5,-35438.5,35438.5
1135250.0,1761229.2,-625979.25,625979.25
850000.0,718659.7,131340.3125,131340.3125
323000.0,422333.22,-99333.21875,99333.21875
213500.0,243886.16,-30386.15625,30386.15625
425000.0,450445.2,-25445.1875,25445.1875
280000.0,314214.72,-34214.71875,34214.71875
343000.0,385554.0,-42554.0,42554.0
305000.0,305804.3,-804.3125,804.3125
380000.0,425411.88,-45411.875,45411.875
300000.0,362993.88,-62993.875,62993.875
501000.0,523042.25,-22042.25,22042.25
495000.0,438388.8,56611.1875,56611.1875
395000.0,311769.47,83230.53125,83230.53125
459000.0,502515.25,-43515.25,43515.25
354000.0,334127.9,19872.09375,19872.09375
464000.0,400982.0,63018.0,63018.0
280000.0,347393.03,-67393.03125,67393.03125
300000.0,326859.12,-26859.125,26859.125
377000.0,410217.06,-33217.0625,33217.0625
782000.0,824654.25,-42654.25,42654.25
430000.0,388792.56,41207.4375,41207.4375
267000.0,313591.12,-46591.125,46591.125
313100.0,301483.0,11617.0,11617.0
820000.0,874034.06,-54034.0625,54034.0625
391500.0,428204.94,-36704.9375,36704.9375
405000.0,414488.53,-9488.53125,9488.53125
615000.0,684830.94,-69830.9375,69830.9375
299000.0,260008.25,38991.75,38991.75
390000.0,457393.84,-67393.84375,67393.84375
286000.0,396534.56,-110534.5625,110534.5625
286950.0,260492.23,26457.765625,26457.765625
3650000.0,2042072.2,1607927.75,1607927.75
284950.0,282923.84,2026.15625,2026.15625
363000.0,344580.8,18419.1875,18419.1875
495000.0,552558.7,-57558.6875,57558.6875
1130000.0,951998.0,178002.0,178002.0
493000.0,437560.56,55439.4375,55439.4375
370000.0,310017.78,59982.21875,59982.21875
527000.0,570638.94,-43638.9375,43638.9375
610000.0,655962.1,-45962.125,45962.125
500000.0,441419.06,58580.9375,58580.9375
200000.0,219646.64,-19646.640625,19646.640625
620000.0,610869.0,9131.0,9131.0
850000.0,994379.75,-144379.75,144379.75
1003000.0,985264.9,17735.125,17735.125
600000.0,602223.7,-2223.6875,2223.6875
255000.0,231008.92,23991.078125,23991.078125
650000.0,573743.4,76256.625,76256.625
410000.0,515769.72,-105769.71875,105769.71875
271500.0,282137.6,-10637.59375,10637.59375
245000.0,263235.28,-18235.28125,18235.28125
1680000.0,2146518.2,-466518.25,466518.25
1490000.0,1327580.4,162419.625,162419.625
979700.0,929117.0,50583.0,50583.0
350000.0,443350.88,-93350.875,93350.875
430000.0,476645.12,-46645.125,46645.125
189000.0,166437.28,22562.71875,22562.71875
432000.0,471166.62,-39166.625,39166.625
455000.0,404567.7,50432.3125,50432.3125
935000.0,946698.0,-11698.0,11698.0
332000.0,270096.78,61903.21875,61903.21875
309000.0,214905.62,94094.375,94094.375
685650.0,722132.6,-36482.625,36482.625
555500.0,457213.75,98286.25,98286.25
290000.0,365724.38,-75724.375,75724.375
345000.0,364589.12,-19589.125,19589.125
200000.0,289788.75,-89788.75,89788.75
683500.0,655942.75,27557.25,27557.25
984000.0,1024172.5,-40172.5,40172.5
839000.0,774791.4,64208.625,64208.625
710000.0,675946.1,34053.875,34053.875
340000.0,332237.3,7762.6875,7762.6875
274000.0,248714.19,25285.8125,25285.8125
265000.0,274878.72,-9878.71875,9878.71875
455000.0,548100.25,-93100.25,93100.25
681500.0,687870.06,-6370.0625,6370.0625
451000.0,404327.38,46672.625,46672.625
431000.0,461458.06,-30458.0625,30458.0625
235000.0,272102.03,-37102.03125,37102.03125
500000.0,505306.84,-5306.84375,5306.84375
382500.0,417312.97,-34812.96875,34812.96875
326000.0,344078.72,-18078.71875,18078.71875
427200.0,318329.38,108870.625,108870.625
251000.0,300641.2,-49641.1875,49641.1875
300000.0,262867.5,37132.5,37132.5
745000.0,504306.47,240693.53125,240693.53125
270000.0,279989.5,-9989.5,9989.5
242500.0,315864.75,-73364.75,73364.75
267500.0,289632.1,-22132.09375,22132.09375
405000.0,480883.16,-75883.15625,75883.15625
545000.0,450127.84,94872.15625,94872.15625
885000.0,769720.0,115280.0,115280.0
327500.0,352372.72,-24872.71875,24872.71875
610000.0,464392.12,145607.875,145607.875
410000.0,459307.12,-49307.125,49307.125
187000.0,241094.22,-54094.21875,54094.21875
575000.0,499123.7,75876.3125,75876.3125
1225000.0,1511521.8,-286521.75,286521.75
667500.0,559181.4,108318.625,108318.625
388000.0,440815.38,-52815.375,52815.375
630000.0,530049.7,99950.3125,99950.3125
518000.0,496983.4,21016.59375,21016.59375
364900.0,488604.12,-123704.125,123704.125
769995.0,695059.75,74935.25,74935.25
674750.0,689715.25,-14965.25,14965.25
460000.0,397509.2,62490.8125,62490.8125
730000.0,908499.8,-178499.8125,178499.8125
1240000.0,1035485.44,204514.5625,204514.5625
317000.0,291573.2,25426.8125,25426.8125
435000.0,407370.38,27629.625,27629.625
398000.0,331482.2,66517.8125,66517.8125
508500.0,547696.3,-39196.3125,39196.3125
180000.0,269072.0,-89072.0,89072.0
405000.0,442299.75,-37299.75,37299.75
815000.0,806285.1,8714.875,8714.875
650000.0,613606.8,36393.1875,36393.1875
1300000.0,1168617.1,131382.875,131382.875
612500.0,644909.2,-32409.1875,32409.1875
480000.0,422952.72,57047.28125,57047.28125
415000.0,429411.75,-14411.75,14411.75
285000.0,272013.8,12986.1875,12986.1875
300000.0,256894.75,43105.25,43105.25
547500.0,629216.94,-81716.9375,81716.9375
169575.0,212880.88,-43305.875,43305.875
339000.0,336878.6,2121.40625,2121.40625
560000.0,504465.7,55534.3125,55534.3125
270000.0,302174.7,-32174.6875,32174.6875
467000.0,361053.25,105946.75,105946.75
432500.0,435229.94,-2729.9375,2729.9375
385000.0,315282.72,69717.28125,69717.28125
612500.0,578201.94,34298.0625,34298.0625
302282.0,472422.4,-170140.40625,170140.40625
355000.0,423021.3,-68021.3125,68021.3125
399500.0,365146.9,34353.09375,34353.09375
685000.0,575503.56,109496.4375,109496.4375
565000.0,555376.1,9623.875,9623.875
731781.0,758903.25,-27122.25,27122.25
595000.0,660716.1,-65716.125,65716.125
570000.0,604967.7,-34967.6875,34967.6875
455000.0,496614.8,-41614.8125,41614.8125
365000.0,308358.0,56642.0,56642.0
380000.0,264361.6,115638.40625,115638.40625
622500.0,617249.8,5250.1875,5250.1875
525126.0,480777.7,44348.3125,44348.3125
872500.0,706083.5,166416.5,166416.5
891500.0,825092.44,66407.5625,66407.5625
267000.0,324322.28,-57322.28125,57322.28125
357500.0,376186.84,-18686.84375,18686.84375
600000.0,429480.56,170519.4375,170519.4375
371000.0,430113.4,-59113.40625,59113.40625
583000.0,625872.6,-42872.625,42872.625
236000.0,222725.47,13274.53125,13274.53125
352750.0,355941.7,-3191.6875,3191.6875
461000.0,391503.5,69496.5,69496.5
302000.0,281450.7,20549.3125,20549.3125
339275.0,326867.22,12407.78125,12407.78125
480000.0,864588.9,-384588.875,384588.875
200000.0,238274.23,-38274.234375,38274.234375
360000.0,347582.25,12417.75,12417.75
355000.0,346747.6,8252.40625,8252.40625
399000.0,414468.38,-15468.375,15468.375
920000.0,801748.2,118251.8125,118251.8125
280000.0,282531.0,-2531.0,2531.0
365000.0,346840.2,18159.8125,18159.8125
410988.0,345697.94,65290.0625,65290.0625
350000.0,315213.56,34786.4375,34786.4375
454950.0,382063.56,72886.4375,72886.4375
690000.0,718536.4,-28536.375,28536.375
699950.0,793116.7,-93166.6875,93166.6875
307635.0,348275.06,-40640.0625,40640.0625
659000.0,617500.0,41500.0,41500.0
297000.0,316726.25,-19726.25,19726.25
461000.0,393901.88,67098.125,67098.125
295000.0,337866.38,-42866.375,42866.375
289950.0,273894.53,16055.46875,16055.46875
345000.0,308376.53,36623.46875,36623.46875
450000.0,443367.8,6632.1875,6632.1875
480000.0,484910.88,-4910.875,4910.875
611000.0,600891.0,10109.0,10109.0
650000.0,642626.56,7373.4375,7373.4375
348450.0,353133.0,-4683.0,4683.0
175003.0,295070.38,-120067.375,120067.375
315000.0,276282.66,38717.34375,38717.34375
268000.0,365255.22,-97255.21875,97255.21875
565000.0,573863.75,-8863.75,8863.75
955000.0,901687.75,53312.25,53312.25
561000.0,538928.5,22071.5,22071.5
475000.0,504331.47,-29331.46875,29331.46875
2300000.0,1643971.1,656028.875,656028.875
1600000.0,1251048.8,348951.25,348951.25
365000.0,456187.16,-91187.15625,91187.15625
750000.0,607372.56,142627.4375,142627.4375
475000.0,387828.62,87171.375,87171.375
465000.0,326841.97,138158.03125,138158.03125
161500.0,200948.66,-39448.65625,39448.65625
335000.0,379383.28,-44383.28125,44383.28125
520000.0,509503.7,10496.3125,10496.3125
205000.0,232389.95,-27389.953125,27389.953125
173000.0,230232.53,-57232.53125,57232.53125
560000.0,481838.9,78161.09375,78161.09375
825000.0,872584.06,-47584.0625,47584.0625
210000.0,188579.77,21420.234375,21420.234375
366350.0,357683.28,8666.71875,8666.71875
355000.0,363158.72,-8158.71875,8158.71875
1250000.0,1308829.2,-58829.25,58829.25
993500.0,1355998.6,-362498.625,362498.625
450000.0,413292.56,36707.4375,36707.4375
840000.0,932969.7,-92969.6875,92969.6875
365000.0,441127.8,-76127.8125,76127.8125
866000.0,910952.5,-44952.5,44952.5
630000.0,646659.5,-16659.5,16659.5
165000.0,235016.98,-70016.984375,70016.984375
340000.0,391873.7,-51873.6875,51873.6875
275000.0,294944.06,-19944.0625,19944.0625
312000.0,400318.7,-88318.6875,88318.6875
1125000.0,783960.3,341039.6875,341039.6875
257000.0,268727.34,-11727.34375,11727.34375
360000.0,506083.78,-146083.78125,146083.78125
476000.0,457205.44,18794.5625,18794.5625
695000.0,721728.44,-26728.4375,26728.4375
197400.0,256116.86,-58716.859375,58716.859375
654300.0,598310.3,55989.6875,55989.6875
329950.0,258873.56,71076.4375,71076.4375
750000.0,659719.44,90280.5625,90280.5625
431000.0,425011.22,5988.78125,5988.78125
1275000.0,1125752.1,149247.875,149247.875
985000.0,1029891.5,-44891.5,44891.5
560000.0,568989.7,-8989.6875,8989.6875
280500.0,313370.8,-32870.8125,32870.8125
174500.0,187777.75,-13277.75,13277.75
1400000.0,1276842.0,123158.0,123158.0
230000.0,246883.42,-16883.421875,16883.421875
455000.0,502654.25,-47654.25,47654.25
735000.0,633917.94,101082.0625,101082.0625
295000.0,273992.5,21007.5,21007.5
625000.0,737297.4,-112297.375,112297.375
825000.0,717916.44,107083.5625,107083.5625
299000.0,414016.03,-115016.03125,115016.03125
745000.0,746916.7,-1916.6875,1916.6875
368000.0,361771.2,6228.8125,6228.8125
720000.0,588259.1,131740.875,131740.875
530000.0,577221.25,-47221.25,47221.25
532000.0,450008.97,81991.03125,81991.03125
730000.0,660710.44,69289.5625,69289.5625
654000.0,635004.0,18996.0,18996.0
1160000.0,1218972.0,-58972.0,58972.0
280000.0,369388.1,-89388.09375,89388.09375
440000.0,491026.16,-51026.15625,51026.15625
571000.0,470057.62,100942.375,100942.375
259250.0,361938.88,-102688.875,102688.875
856000.0,795348.1,60651.875,60651.875
312000.0,327988.22,-15988.21875,15988.21875
240000.0,214631.97,25368.03125,25368.03125
585000.0,633015.4,-48015.375,48015.375
832000.0,855766.3,-23766.3125,23766.3125
255000.0,220926.67,34073.328125,34073.328125
1127000.0,1040333.6,86666.375,86666.375
634950.0,598982.9,35967.125,35967.125
450000.0,405826.28,44173.71875,44173.71875
1475000.0,1742969.5,-267969.5,267969.5
325000.0,315015.53,9984.46875,9984.46875
374500.0,406675.53,-32175.53125,32175.53125
1350000.0,1184124.6,165875.375,165875.375
385000.0,272557.56,112442.4375,112442.4375
518000.0,454367.5,63632.5,63632.5
480000.0,509858.03,-29858.03125,29858.03125
242000.0,272381.38,-30381.375,30381.375
645000.0,641730.56,3269.4375,3269.4375
660000.0,756673.0,-96673.0,96673.0
533000.0,500647.78,32352.21875,32352.21875
525000.0,527365.25,-2365.25,2365.25
320000.0,310960.3,9039.6875,9039.6875
550120.0,517197.16,32922.84375,32922.84375
359950.0,391194.88,-31244.875,31244.875
310000.0,300680.75,9319.25,9319.25
430000.0,781365.8,-351365.8125,351365.8125
554663.0,537378.06,17284.9375,17284.9375
1610000.0,1196770.6,413229.375,413229.375
392000.0,376981.25,15018.75,15018.75
645000.0,771578.0,-126578.0,126578.0
834995.0,787919.3,47075.6875,47075.6875
440000.0,382943.06,57056.9375,57056.9375
331500.0,309145.94,22354.0625,22354.0625
1010000.0,1052071.9,-42071.875,42071.875
676000.0,555837.6,120162.375,120162.375
719000.0,789481.56,-70481.5625,70481.5625
320000.0,290868.3,29131.6875,29131.6875
563000.0,675277.3,-112277.3125,112277.3125
503000.0,472943.06,30056.9375,30056.9375
1000000.0,891497.3,108502.6875,108502.6875
365000.0,403252.25,-38252.25,38252.25
310000.0,345323.28,-35323.28125,35323.28125
710000.0,686269.25,23730.75,23730.75
243000.0,264170.06,-21170.0625,21170.0625
415000.0,430638.38,-15638.375,15638.375
286000.0,299223.28,-13223.28125,13223.28125
389950.0,356399.94,33550.0625,33550.0625
617000.0,571935.6,45064.375,45064.375
450600.0,368581.9,82018.09375,82018.09375
820000.0,968519.1,-148519.125,148519.125
360000.0,396617.4,-36617.40625,36617.40625
685000.0,705450.1,-20450.125,20450.125
298450.0,302422.34,-3972.34375,3972.34375
445950.0,409343.66,36606.34375,36606.34375
533000.0,427232.9,105767.09375,105767.09375
909950.0,825618.25,84331.75,84331.75
670000.0,580664.8,89335.1875,89335.1875
397000.0,407877.66,-10877.65625,10877.65625
514000.0,421005.38,92994.625,92994.625
720000.0,740131.5,-20131.5,20131.5
760000.0,981723.25,-221723.25,221723.25
650000.0,702269.06,-52269.0625,52269.0625
1340000.0,1126506.0,213494.0,213494.0
206600.0,246870.47,-40270.46875,40270.46875
824000.0,683502.5,140497.5,140497.5
805000.0,804683.5,316.5,316.5
400000.0,524962.2,-124962.1875,124962.1875
285000.0,295688.72,-10688.71875,10688.71875
430000.0,408269.94,21730.0625,21730.0625
670000.0,560846.1,109153.875,109153.875
565000.0,643093.1,-78093.125,78093.125
785500.0,839021.44,-53521.4375,53521.4375
361500.0,321382.5,40117.5,40117.5
875000.0,778176.25,96823.75,96823.75
650000.0,678666.75,-28666.75,28666.75
850000.0,770074.6,79925.375,79925.375
430000.0,561856.3,-131856.3125,131856.3125
287653.0,291947.16,-4294.15625,4294.15625
475000.0,561856.3,-86856.3125,86856.3125
600000.0,753285.44,-153285.4375,153285.4375
730000.0,821159.6,-91159.625,91159.625
398000.0,392939.88,5060.125,5060.125
290000.0,322564.06,-32564.0625,32564.0625
198500.0,217612.5,-19112.5,19112.5
437000.0,439252.6,-2252.59375,2252.59375
735000.0,770123.9,-35123.875,35123.875
235000.0,264474.06,-29474.0625,29474.0625
1135000.0,1261749.8,-126749.75,126749.75
268000.0,296545.25,-28545.25,28545.25
375000.0,535933.25,-160933.25,160933.25
1160000.0,937182.3,222817.6875,222817.6875
374950.0,421203.75,-46253.75,46253.75
252000.0,262603.9,-10603.90625,10603.90625
257000.0,382710.88,-125710.875,125710.875
398500.0,341338.22,57161.78125,57161.78125
408000.0,516257.88,-108257.875,108257.875
680000.0,495405.25,184594.75,184594.75
689950.0,635866.4,54083.625,54083.625
742500.0,889453.2,-146953.1875,146953.1875
349900.0,395082.8,-45182.8125,45182.8125
175000.0,210373.64,-35373.640625,35373.640625
716125.0,748948.8,-32823.8125,32823.8125
853000.0,836190.5,16809.5,16809.5
390000.0,340578.0,49422.0,49422.0
464000.0,521979.88,-57979.875,57979.875
765000.0,795987.75,-30987.75,30987.75
852500.0,771193.25,81306.75,81306.75
326250.0,339011.84,-12761.84375,12761.84375
572000.0,591787.75,-19787.75,19787.75
314000.0,207004.86,106995.140625,106995.140625
799950.0,776910.5,23039.5,23039.5
579000.0,573983.06,5016.9375,5016.9375
1003000.0,984926.7,18073.3125,18073.3125
682000.0,821123.6,-139123.625,139123.625
420000.0,382231.22,37768.78125,37768.78125
810000.0,789235.4,20764.625,20764.625
161700.0,230162.28,-68462.28125,68462.28125
458000.0,356406.72,101593.28125,101593.28125
951250.0,867087.56,84162.4375,84162.4375
410000.0,398244.53,11755.46875,11755.46875
445000.0,516290.88,-71290.875,71290.875
612000.0,587098.44,24901.5625,24901.5625
629950.0,646911.75,-16961.75,16961.75
940000.0,1114382.5,-174382.5,174382.5
775000.0,591602.6,183397.375,183397.375
225000.0,298376.12,-73376.125,73376.125
405000.0,449242.7,-44242.6875,44242.6875
635000.0,725264.6,-90264.625,90264.625
465000.0,603354.44,-138354.4375,138354.4375
970000.0,902175.5,67824.5,67824.5
600000.0,528715.4,71284.625,71284.625
304000.0,320215.34,-16215.34375,16215.34375
438000.0,443605.5,-5605.5,5605.5
385000.0,349800.28,35199.71875,35199.71875
240000.0,222336.69,17663.3125,17663.3125
799000.0,793654.6,5345.375,5345.375
350000.0,302194.0,47806.0,47806.0
226740.0,224735.38,2004.625,2004.625
385000.0,327332.62,57667.375,57667.375
657500.0,584131.75,73368.25,73368.25
299950.0,304505.2,-4555.1875,4555.1875
1061600.0,776251.4,285348.625,285348.625
711000.0,732739.6,-21739.625,21739.625
1712750.0,1212212.2,500537.75,500537.75
517950.0,552023.0,-34073.0,34073.0
520000.0,382604.7,137395.3125,137395.3125
350000.0,443444.75,-93444.75,93444.75
501000.0,400652.5,100347.5,100347.5
350000.0,386500.12,-36500.125,36500.125
342000.0,447135.9,-105135.90625,105135.90625
475000.0,499807.22,-24807.21875,24807.21875
564500.0,557719.44,6780.5625,6780.5625
459000.0,428349.94,30650.0625,30650.0625
495000.0,469148.94,25851.0625,25851.0625
765000.0,1128901.1,-363901.125,363901.125
340000.0,303479.22,36520.78125,36520.78125
465000.0,479195.7,-14195.6875,14195.6875
345000.0,289201.25,55798.75,55798.75
575000.0,529648.0,45352.0,45352.0
420000.0,449371.25,-29371.25,29371.25
1735000.0,2085234.1,-350234.125,350234.125
252000.0,396601.12,-144601.125,144601.125
609000.0,612114.6,-3114.625,3114.625
268000.0,230594.89,37405.109375,37405.109375
1362500.0,1134819.6,227680.375,227680.375
1280000.0,772813.7,507186.3125,507186.3125
290000.0,335917.12,-45917.125,45917.125
620000.0,596321.1,23678.875,23678.875
392000.0,380175.0,11825.0,11825.0
370000.0,386061.75,-16061.75,16061.75
234000.0,251510.4,-17510.40625,17510.40625
210000.0,258226.56,-48226.5625,48226.5625
680000.0,716279.94,-36279.9375,36279.9375
625000.0,669704.1,-44704.125,44704.125
280000.0,291479.78,-11479.78125,11479.78125
850000.0,747814.75,102185.25,102185.25
329950.0,337306.5,-7356.5,7356.5
482500.0,410979.88,71520.125,71520.125
149000.0,163943.34,-14943.34375,14943.34375
532500.0,646787.1,-114287.125,114287.125
467000.0,449766.12,17233.875,17233.875
556000.0,439101.38,116898.625,116898.625
552700.0,492771.72,59928.28125,59928.28125
163800.0,314529.8,-150729.8125,150729.8125
805000.0,651515.7,153484.3125,153484.3125
349000.0,308764.7,40235.3125,40235.3125
316000.0,527839.75,-211839.75,211839.75
524950.0,564423.44,-39473.4375,39473.4375
382000.0,289777.72,92222.28125,92222.28125
510000.0,526324.75,-16324.75,16324.75
241000.0,202240.81,38759.1875,38759.1875
665000.0,609152.9,55847.125,55847.125
575000.0,520242.94,54757.0625,54757.0625
340000.0,330347.94,9652.0625,9652.0625
652450.0,697786.1,-45336.125,45336.125
465000.0,465001.47,-1.46875,1.46875
455950.0,431367.56,24582.4375,24582.4375
1185000.0,967320.0,217680.0,217680.0
375000.0,269601.12,105398.875,105398.875
589000.0,551818.8,37181.1875,37181.1875
452000.0,417045.2,34954.8125,34954.8125
595000.0,710633.25,-115633.25,115633.25
845000.0,785449.5,59550.5,59550.5
470000.0,470017.28,-17.28125,17.28125
389000.0,433673.3,-44673.3125,44673.3125
352500.0,380994.94,-28494.9375,28494.9375
925000.0,1011317.06,-86317.0625,86317.0625
172500.0,190636.1,-18136.09375,18136.09375
400000.0,460621.34,-60621.34375,60621.34375
875000.0,823990.0,51010.0,51010.0
486000.0,512145.56,-26145.5625,26145.5625
890000.0,754855.3,135144.6875,135144.6875
306000.0,364371.53,-58371.53125,58371.53125
775000.0,869620.0,-94620.0,94620.0
345000.0,393053.8,-48053.8125,48053.8125
564000.0,535849.94,28150.0625,28150.0625
295000.0,406570.8,-111570.8125,111570.8125
1312000.0,1332204.5,-20204.5,20204.5
824500.0,677851.75,146648.25,146648.25
1272000.0,1111346.1,160653.875,160653.875
1395000.0,953955.6,441044.375,441044.375
605000.0,585984.7,19015.3125,19015.3125
239000.0,242274.31,-3274.3125,3274.3125
615000.0,508767.12,106232.875,106232.875
305000.0,308692.25,-3692.25,3692.25
157000.0,249089.47,-92089.46875,92089.46875
720000.0,699868.1,20131.875,20131.875
405000.0,413096.7,-8096.6875,8096.6875
494815.0,500742.8,-5927.8125,5927.8125
675000.0,690202.8,-15202.8125,15202.8125
337000.0,388587.22,-51587.21875,51587.21875
1025000.0,1392548.1,-367548.125,367548.125
740000.0,624407.8,115592.1875,115592.1875
282000.0,315090.34,-33090.34375,33090.34375
760369.0,743678.4,16690.625,16690.625
450000.0,424966.25,25033.75,25033.75
185900.0,153859.69,32040.3125,32040.3125
269950.0,238061.17,31888.828125,31888.828125
335000.0,358349.75,-23349.75,23349.75
109000.0,182601.6,-73601.59375,73601.59375
870000.0,1225483.1,-355483.125,355483.125
302000.0,395545.4,-93545.40625,93545.40625
385000.0,445089.5,-60089.5,60089.5
599000.0,661282.2,-62282.1875,62282.1875
375000.0,433255.0,-58255.0,58255.0
950000.0,943444.3,6555.6875,6555.6875
305000.0,261414.28,43585.71875,43585.71875
436472.0,441066.4,-4594.40625,4594.40625
357000.0,408434.7,-51434.6875,51434.6875
325000.0,317607.97,7392.03125,7392.03125
345000.0,282575.2,62424.8125,62424.8125
306000.0,425124.3,-119124.3125,119124.3125
234999.0,194035.08,40963.921875,40963.921875
550000.0,607487.25,-57487.25,57487.25
537000.0,497418.22,39581.78125,39581.78125
180000.0,281177.88,-101177.875,101177.875
715000.0,790546.9,-75546.875,75546.875
317500.0,347092.0,-29592.0,29592.0
590000.0,821095.4,-231095.375,231095.375
231500.0,254763.61,-23263.609375,23263.609375
655000.0,629867.75,25132.25,25132.25
390000.0,504547.0,-114547.0,114547.0
350000.0,327048.38,22951.625,22951.625
441000.0,491856.2,-50856.1875,50856.1875
335000.0,318868.7,16131.3125,16131.3125
371000.0,406707.72,-35707.71875,35707.71875
200000.0,277190.53,-77190.53125,77190.53125
770000.0,897098.06,-127098.0625,127098.0625
682000.0,704723.94,-22723.9375,22723.9375
645000.0,579820.94,65179.0625,65179.0625
2630000.0,1994737.2,635262.75,635262.75
235000.0,288917.88,-53917.875,53917.875
450000.0,422199.9,27800.09375,27800.09375
232000.0,223977.1,8022.90625,8022.90625
240000.0,271391.16,-31391.15625,31391.15625
608000.0,682429.1,-74429.125,74429.125
499431.0,534830.4,-35399.375,35399.375
360000.0,350122.34,9877.65625,9877.65625
550000.0,458737.6,91262.40625,91262.40625
625000.0,690808.6,-65808.625,65808.625
680000.0,667082.4,12917.625,12917.625
527000.0,673456.6,-146456.625,146456.625
860000.0,829566.06,30433.9375,30433.9375
389000.0,416422.8,-27422.8125,27422.8125
432500.0,617490.0,-184990.0,184990.0
600000.0,845414.06,-245414.0625,245414.0625
444900.0,458321.28,-13421.28125,13421.28125
500000.0,547545.4,-47545.375,47545.375
1150000.0,1168708.5,-18708.5,18708.5
895000.0,714059.9,180940.125,180940.125
353000.0,330264.47,22735.53125,22735.53125
529950.0,440994.06,88955.9375,88955.9375
505000.0,539285.3,-34285.3125,34285.3125
435000.0,398111.25,36888.75,36888.75
540000.0,409270.66,130729.34375,130729.34375
230000.0,190917.72,39082.28125,39082.28125
585000.0,910770.06,-325770.0625,325770.0625
618000.0,527264.2,90735.8125,90735.8125
187500.0,161842.14,25657.859375,25657.859375
309620.0,470045.06,-160425.0625,160425.0625
865000.0,783554.44,81445.5625,81445.5625
3100000.0,3143827.2,-43827.25,43827.25
565000.0,499619.44,65380.5625,65380.5625
459900.0,446955.16,12944.84375,12944.84375
1313000.0,1092038.8,220961.25,220961.25
194900.0,164046.1,30853.90625,30853.90625
845000.0,711037.3,133962.6875,133962.6875
325000.0,291057.56,33942.4375,33942.4375
350500.0,285551.3,64948.6875,64948.6875
664500.0,583135.44,81364.5625,81364.5625
700000.0,610462.5,89537.5,89537.5
425000.0,579932.1,-154932.125,154932.125
432000.0,480025.4,-48025.40625,48025.40625
540000.0,679268.94,-139268.9375,139268.9375
442500.0,478450.0,-35950.0,35950.0
350000.0,409467.8,-59467.8125,59467.8125
215000.0,195777.3,19222.703125,19222.703125
450000.0,427072.8,22927.1875,22927.1875
300000.0,321834.28,-21834.28125,21834.28125
345000.0,350737.62,-5737.625,5737.625
193000.0,214292.05,-21292.046875,21292.046875
380000.0,321746.5,58253.5,58253.5
301000.0,312570.9,-11570.90625,11570.90625
818000.0,651055.44,166944.5625,166944.5625
341000.0,378346.3,-37346.3125,37346.3125
696000.0,619552.8,76447.1875,76447.1875
432000.0,496955.9,-64955.90625,64955.90625
495000.0,499547.03,-4547.03125,4547.03125
560000.0,580128.5,-20128.5,20128.5
898000.0,835008.7,62991.3125,62991.3125
252000.0,239468.16,12531.84375,12531.84375
425000.0,444360.03,-19360.03125,19360.03125
324950.0,244893.25,80056.75,80056.75
555000.0,571150.75,-16150.75,16150.75
221700.0,252861.06,-31161.0625,31161.0625
170000.0,203347.64,-33347.640625,33347.640625
600000.0,654747.75,-54747.75,54747.75
492650.0,465383.0,27267.0,27267.0
369000.0,364899.06,4100.9375,4100.9375
464500.0,444857.8,19642.1875,19642.1875
299000.0,300834.2,-1834.1875,1834.1875
330000.0,398198.6,-68198.59375,68198.59375
330000.0,341242.53,-11242.53125,11242.53125
595000.0,653818.7,-58818.6875,58818.6875
392800.0,419938.3,-27138.3125,27138.3125
385000.0,476335.7,-91335.6875,91335.6875
874000.0,818742.56,55257.4375,55257.4375
700000.0,577177.75,122822.25,122822.25
399950.0,478138.44,-78188.4375,78188.4375
359000.0,430108.5,-71108.5,71108.5
207950.0,232815.64,-24865.640625,24865.640625
187000.0,197224.94,-10224.9375,10224.9375
565000.0,495495.97,69504.03125,69504.03125
470000.0,437171.38,32828.625,32828.625
199950.0,218039.4,-18089.40625,18089.40625
460000.0,421318.25,38681.75,38681.75
423500.0,514942.53,-91442.53125,91442.53125
297950.0,298250.94,-300.9375,300.9375
325000.0,344689.94,-19689.9375,19689.9375
325900.0,349374.53,-23474.53125,23474.53125
900000.0,953484.5,-53484.5,53484.5
332000.0,311970.8,20029.1875,20029.1875
196000.0,195086.58,913.421875,913.421875
125000.0,195518.88,-70518.875,70518.875
260000.0,239284.16,20715.84375,20715.84375
639983.0,548372.6,91610.375,91610.375
442000.0,535862.7,-93862.6875,93862.6875
665000.0,567935.25,97064.75,97064.75
2000000.0,1895132.1,104867.875,104867.875
401500.0,405954.4,-4454.40625,4454.40625
750000.0,638817.94,111182.0625,111182.0625
360000.0,277736.16,82263.84375,82263.84375
500000.0,534727.4,-34727.375,34727.375
720001.0,554096.4,165904.625,165904.625
439950.0,353760.3,86189.6875,86189.6875
1195000.0,961108.5,233891.5,233891.5
350000.0,369029.3,-19029.3125,19029.3125
368000.0,332978.62,35021.375,35021.375
550000.0,839693.0,-289693.0,289693.0
600000.0,459014.16,140985.84375,140985.84375
782000.0,883145.2,-101145.1875,101145.1875
280500.0,290846.12,-10346.125,10346.125
425000.0,426205.75,-1205.75,1205.75
990000.0,815216.2,174783.8125,174783.8125
495000.0,427788.62,67211.375,67211.375
460000.0,479070.5,-19070.5,19070.5
310000.0,313453.6,-3453.59375,3453.59375
724950.0,701791.75,23158.25,23158.25
256000.0,235904.2,20095.796875,20095.796875
578000.0,459257.2,118742.8125,118742.8125
515000.0,501565.8,13434.1875,13434.1875
1215000.0,1112033.1,102966.875,102966.875
330000.0,332410.34,-2410.34375,2410.34375
225000.0,445390.12,-220390.125,220390.125
275000.0,266764.78,8235.21875,8235.21875
450000.0,483360.0,-33360.0,33360.0
716000.0,679454.25,36545.75,36545.75
210000.0,365935.47,-155935.46875,155935.46875
437500.0,462657.5,-25157.5,25157.5
344950.0,358834.7,-13884.6875,13884.6875
355300.0,391201.94,-35901.9375,35901.9375
442000.0,518611.72,-76611.71875,76611.71875
267500.0,269086.38,-1586.375,1586.375
240000.0,210147.45,29852.546875,29852.546875
429000.0,511750.1,-82750.09375,82750.09375
317750.0,290853.62,26896.375,26896.375
397000.0,378019.56,18980.4375,18980.4375
550000.0,491068.3,58931.6875,58931.6875
825000.0,666138.94,158861.0625,158861.0625
209000.0,187103.83,21896.171875,21896.171875
4668000.0,4825749.0,-157749.0,157749.0
407000.0,514680.38,-107680.375,107680.375
915000.0,1091681.5,-176681.5,176681.5
495000.0,513547.28,-18547.28125,18547.28125
503500.0,435555.5,67944.5,67944.5
613000.0,560684.06,52315.9375,52315.9375
767500.0,678362.0,89138.0,89138.0
470000.0,523297.72,-53297.71875,53297.71875
160000.0,180213.12,-20213.125,20213.125
248500.0,241633.06,6866.9375,6866.9375
331950.0,351750.56,-19800.5625,19800.5625
400000.0,420204.72,-20204.71875,20204.71875
425000.0,406097.7,18902.3125,18902.3125
190000.0,285742.56,-95742.5625,95742.5625
315000.0,269278.12,45721.875,45721.875
345000.0,335857.53,9142.46875,9142.46875
548000.0,454426.0,93574.0,93574.0
446000.0,463038.88,-17038.875,17038.875
643000.0,596151.7,46848.3125,46848.3125
527700.0,375585.3,152114.6875,152114.6875
285000.0,367024.16,-82024.15625,82024.15625
448000.0,372334.25,75665.75,75665.75
550000.0,452825.75,97174.25,97174.25
361000.0,360511.66,488.34375,488.34375
787500.0,757837.2,29662.8125,29662.8125
252000.0,205941.94,46058.0625,46058.0625
645000.0,726617.4,-81617.375,81617.375
310000.0,339915.06,-29915.0625,29915.0625
557500.0,541367.06,16132.9375,16132.9375
350000.0,340388.38,9611.625,9611.625
589000.0,725884.6,-136884.625,136884.625
180000.0,166612.78,13387.21875,13387.21875
345000.0,336613.0,8387.0,8387.0
325000.0,421414.28,-96414.28125,96414.28125
705000.0,570592.1,134407.875,134407.875
1125000.0,1037539.5,87460.5,87460.5
628000.0,568669.6,59330.375,59330.375
585000.0,719602.0,-134602.0,134602.0
340000.0,331121.34,8878.65625,8878.65625
375000.0,393496.0,-18496.0,18496.0
690700.0,741814.06,-51114.0625,51114.0625
1080000.0,1289329.2,-209329.25,209329.25
963000.0,961157.06,1842.9375,1842.9375
255000.0,254129.78,870.21875,870.21875
274975.0,650287.8,-375312.8125,375312.8125
275000.0,282170.44,-7170.4375,7170.4375
285000.0,273894.53,11105.46875,11105.46875
485000.0,554633.56,-69633.5625,69633.5625
360000.0,412570.7,-52570.6875,52570.6875
940000.0,723480.9,216519.125,216519.125
635000.0,613244.1,21755.875,21755.875
806000.0,748130.75,57869.25,57869.25
2110000.0,1320526.9,789473.125,789473.125
280000.0,309899.84,-29899.84375,29899.84375
410000.0,438097.94,-28097.9375,28097.9375
240000.0,250799.27,-10799.265625,10799.265625
699950.0,625595.75,74354.25,74354.25
705000.0,742092.1,-37092.125,37092.125
415000.0,500603.84,-85603.84375,85603.84375
440000.0,524769.0,-84769.0,84769.0
425000.0,506324.7,-81324.6875,81324.6875
385000.0,417307.78,-32307.78125,32307.78125
970000.0,1070744.1,-100744.125,100744.125
324000.0,342080.56,-18080.5625,18080.5625
614905.0,627298.44,-12393.4375,12393.4375
631000.0,577232.8,53767.1875,53767.1875
205000.0,303723.0,-98723.0,98723.0
1320000.0,806765.9,513234.125,513234.125
410000.0,490683.03,-80683.03125,80683.03125
464000.0,556697.06,-92697.0625,92697.0625
142000.0,144729.61,-2729.609375,2729.609375
455000.0,497146.47,-42146.46875,42146.46875
545500.0,594220.7,-48720.6875,48720.6875
578000.0,563987.56,14012.4375,14012.4375
319000.0,360392.38,-41392.375,41392.375
545000.0,533320.2,11679.8125,11679.8125
459995.0,429296.28,30698.71875,30698.71875
380000.0,368810.12,11189.875,11189.875
506500.0,466542.38,39957.625,39957.625
960000.0,1076896.8,-116896.75,116896.75
284000.0,370398.06,-86398.0625,86398.0625
335000.0,396605.7,-61605.6875,61605.6875
220000.0,280956.72,-60956.71875,60956.71875
285000.0,263555.06,21444.9375,21444.9375
265000.0,233666.47,31333.53125,31333.53125
700000.0,739420.4,-39420.375,39420.375
540000.0,442830.28,97169.71875,97169.71875
285000.0,289427.22,-4427.21875,4427.21875
445000.0,487734.94,-42734.9375,42734.9375
1398000.0,1181374.6,216625.375,216625.375
240000.0,245509.89,-5509.890625,5509.890625
210000.0,272967.25,-62967.25,62967.25
437000.0,447565.94,-10565.9375,10565.9375
665000.0,509024.8,155975.1875,155975.1875
400000.0,431262.25,-31262.25,31262.25
410000.0,444709.34,-34709.34375,34709.34375
519990.0,462806.66,57183.34375,57183.34375
590000.0,500576.62,89423.375,89423.375
352000.0,421944.72,-69944.71875,69944.71875
315000.0,346119.53,-31119.53125,31119.53125
873000.0,879390.1,-6390.125,6390.125
250000.0,232361.6,17638.40625,17638.40625
577000.0,509645.6,67354.40625,67354.40625
358000.0,327311.72,30688.28125,30688.28125
300000.0,477345.22,-177345.21875,177345.21875
400000.0,216179.66,183820.34375,183820.34375
450000.0,551933.0,-101933.0,101933.0
335000.0,430694.62,-95694.625,95694.625
855000.0,816887.9,38112.125,38112.125
272000.0,298473.16,-26473.15625,26473.15625
1360000.0,1248841.1,111158.875,111158.875
490000.0,515861.7,-25861.6875,25861.6875
660000.0,555725.3,104274.6875,104274.6875
515000.0,454419.9,60580.09375,60580.09375
476500.0,479314.06,-2814.0625,2814.0625
1050000.0,1447535.0,-397535.0,397535.0
457500.0,314251.28,143248.71875,143248.71875
920000.0,967013.8,-47013.8125,47013.8125
1180000.0,901771.2,278228.8125,278228.8125
2340000.0,1681224.2,658775.75,658775.75
230000.0,256454.88,-26454.875,26454.875
655275.0,479705.06,175569.9375,175569.9375
395000.0,369857.62,25142.375,25142.375
299950.0,330852.4,-30902.40625,30902.40625
250000.0,240765.64,9234.359375,9234.359375
768500.0,787662.4,-19162.375,19162.375
300000.0,247918.25,52081.75,52081.75
1650000.0,1270929.2,379070.75,379070.75
485000.0,491290.8,-6290.8125,6290.8125
159075.0,215397.86,-56322.859375,56322.859375
205000.0,210046.27,-5046.265625,5046.265625
298000.0,188719.56,109280.4375,109280.4375
559950.0,557036.44,2913.5625,2913.5625
425000.0,312909.72,112090.28125,112090.28125
452000.0,495687.88,-43687.875,43687.875
230000.0,315723.5,-85723.5,85723.5
457500.0,475471.53,-17971.53125,17971.53125
1125000.0,1145560.5,-20560.5,20560.5
650500.0,798209.75,-147709.75,147709.75
1940000.0,1389345.9,550654.125,550654.125
465000.0,375102.44,89897.5625,89897.5625
397500.0,370828.88,26671.125,26671.125
430000.0,439023.5,-9023.5,9023.5
265050.0,330683.97,-65633.96875,65633.96875
160134.0,229128.78,-68994.78125,68994.78125
331000.0,385118.53,-54118.53125,54118.53125
733000.0,555758.1,177241.875,177241.875
260000.0,251930.98,8069.015625,8069.015625
900000.0,685398.06,214601.9375,214601.9375
750000.0,727478.56,22521.4375,22521.4375
569000.0,798355.1,-229355.125,229355.125
350000.0,403090.0,-53090.0,53090.0
720168.0,558561.56,161606.4375,161606.4375
299000.0,292262.22,6737.78125,6737.78125
787888.0,916175.56,-128287.5625,128287.5625
400000.0,488792.88,-88792.875,88792.875
630000.0,609464.9,20535.125,20535.125
981000.0,710794.6,270205.375,270205.375
307300.0,311287.56,-3987.5625,3987.5625
250000.0,257623.92,-7623.921875,7623.921875
355000.0,343084.9,11915.09375,11915.09375
456000.0,412160.94,43839.0625,43839.0625
552250.0,548034.9,4215.125,4215.125
700000.0,524289.75,175710.25,175710.25
452100.0,487827.03,-35727.03125,35727.03125
810000.0,745024.3,64975.6875,64975.6875
285000.0,313231.28,-28231.28125,28231.28125
515000.0,510246.7,4753.3125,4753.3125
315000.0,293373.38,21626.625,21626.625
299000.0,241218.4,57781.59375,57781.59375
520000.0,459597.2,60402.8125,60402.8125
245990.0,260595.6,-14605.59375,14605.59375
366000.0,389950.75,-23950.75,23950.75
865000.0,851900.1,13099.875,13099.875
350000.0,340874.66,9125.34375,9125.34375
598600.0,548595.44,50004.5625,50004.5625
945000.0,736149.3,208850.6875,208850.6875
890000.0,782736.6,107263.375,107263.375
322500.0,287100.66,35399.34375,35399.34375
850000.0,930534.94,-80534.9375,80534.9375
266500.0,243608.83,22891.171875,22891.171875
277500.0,257769.89,19730.109375,19730.109375
375000.0,460209.9,-85209.90625,85209.90625
726500.0,547266.1,179233.875,179233.875
282900.0,247491.62,35408.375,35408.375
565000.0,591105.25,-26105.25,26105.25
230000.0,241836.62,-11836.625,11836.625
370000.0,349539.84,20460.15625,20460.15625
568000.0,469915.53,98084.46875,98084.46875
485000.0,514637.66,-29637.65625,29637.65625
349900.0,335425.75,14474.25,14474.25
887250.0,904556.7,-17306.6875,17306.6875
165050.0,196245.56,-31195.5625,31195.5625
535000.0,573149.44,-38149.4375,38149.4375
354000.0,367682.44,-13682.4375,13682.4375
234500.0,266902.97,-32402.96875,32402.96875
900000.0,861589.5,38410.5,38410.5
290000.0,289778.8,221.1875,221.1875
439900.0,507746.78,-67846.78125,67846.78125
650000.0,653993.9,-3993.875,3993.875
218000.0,260525.52,-42525.515625,42525.515625
255000.0,260262.05,-5262.046875,5262.046875
1500000.0,1077622.1,422377.875,422377.875
329999.0,324554.62,5444.375,5444.375
685000.0,706270.06,-21270.0625,21270.0625
1325000.0,1155659.0,169341.0,169341.0
635000.0,696457.8,-61457.8125,61457.8125
324888.0,354867.6,-29979.59375,29979.59375
780000.0,798364.3,-18364.3125,18364.3125
805000.0,758526.25,46473.75,46473.75
229000.0,290558.06,-61558.0625,61558.0625
337000.0,326989.44,10010.5625,10010.5625
350000.0,396166.8,-46166.8125,46166.8125
825000.0,733051.4,91948.625,91948.625
675000.0,667011.1,7988.875,7988.875
580000.0,460828.72,119171.28125,119171.28125
607500.0,556305.94,51194.0625,51194.0625
563750.0,563253.3,496.6875,496.6875
400000.0,397308.7,2691.3125,2691.3125
575000.0,549543.75,25456.25,25456.25
290000.0,223133.25,66866.75,66866.75
265000.0,228274.89,36725.109375,36725.109375
822000.0,737084.3,84915.6875,84915.6875
529000.0,425085.0,103915.0,103915.0
615000.0,802576.7,-187576.6875,187576.6875
1339000.0,1025563.3,313436.6875,313436.6875
473000.0,406137.56,66862.4375,66862.4375
310000.0,308075.53,1924.46875,1924.46875
420000.0,428143.28,-8143.28125,8143.28125
1200000.0,1271295.4,-71295.375,71295.375
378500.0,418547.75,-40047.75,40047.75
667500.0,631762.1,35737.875,35737.875
625000.0,590685.44,34314.5625,34314.5625
458000.0,429760.38,28239.625,28239.625
219200.0,230963.97,-11763.96875,11763.96875
496000.0,442885.2,53114.8125,53114.8125
429900.0,357134.16,72765.84375,72765.84375
1180000.0,842423.4,337576.625,337576.625
335000.0,397249.2,-62249.1875,62249.1875
626000.0,468841.66,157158.34375,157158.34375
150000.0,225032.84,-75032.84375,75032.84375
296500.0,270439.84,26060.15625,26060.15625
487000.0,510102.7,-23102.6875,23102.6875
180000.0,201967.89,-21967.890625,21967.890625
220000.0,249112.52,-29112.515625,29112.515625
459000.0,428135.12,30864.875,30864.875
890000.0,1076013.9,-186013.875,186013.875
405000.0,386895.84,18104.15625,18104.15625
825000.0,723692.06,101307.9375,101307.9375
355000.0,354952.22,47.78125,47.78125
549900.0,510531.94,39368.0625,39368.0625
350000.0,447695.72,-97695.71875,97695.71875
210500.0,266010.0,-55510.0,55510.0
475000.0,417968.56,57031.4375,57031.4375
524950.0,410080.2,114869.8125,114869.8125
830200.0,747430.44,82769.5625,82769.5625
305100.0,361680.12,-56580.125,56580.125
203700.0,238997.03,-35297.03125,35297.03125
320000.0,423335.28,-103335.28125,103335.28125
335000.0,284737.4,50262.59375,50262.59375
306000.0,246417.2,59582.796875,59582.796875
342000.0,326810.2,15189.8125,15189.8125
384950.0,366624.3,18325.6875,18325.6875
630000.0,236523.92,393476.078125,393476.078125
490000.0,534411.8,-44411.8125,44411.8125
366000.0,416950.56,-50950.5625,50950.5625
1800000.0,1942914.2,-142914.25,142914.25
426000.0,420665.44,5334.5625,5334.5625
1234580.0,1297258.6,-62678.625,62678.625
339950.0,358815.2,-18865.1875,18865.1875
167500.0,224155.73,-56655.734375,56655.734375
450000.0,499794.8,-49794.8125,49794.8125
620000.0,613277.44,6722.5625,6722.5625
448000.0,390486.66,57513.34375,57513.34375
600000.0,473774.6,126225.40625,126225.40625
395000.0,557647.1,-162647.125,162647.125
210000.0,173870.12,36129.875,36129.875
530000.0,519982.53,10017.46875,10017.46875
606000.0,591008.9,14991.125,14991.125
272500.0,276875.88,-4375.875,4375.875
225000.0,312423.7,-87423.6875,87423.6875
1065000.0,869441.7,195558.3125,195558.3125
393000.0,301875.16,91124.84375,91124.84375
569950.0,477170.9,92779.09375,92779.09375
605000.0,587601.44,17398.5625,17398.5625
598500.0,651177.1,-52677.125,52677.125
335000.0,443671.06,-108671.0625,108671.0625
263000.0,367561.12,-104561.125,104561.125
389950.0,272127.72,117822.28125,117822.28125
425000.0,369953.56,55046.4375,55046.4375
580000.0,637506.4,-57506.375,57506.375
291750.0,444929.94,-153179.9375,153179.9375
305500.0,366847.8,-61347.8125,61347.8125
660000.0,544986.44,115013.5625,115013.5625
205950.0,187060.66,18889.34375,18889.34375
445000.0,408746.0,36254.0,36254.0
275000.0,430902.12,-155902.125,155902.125
396000.0,452787.75,-56787.75,56787.75
272000.0,274808.72,-2808.71875,2808.71875
856500.0,865944.7,-9444.6875,9444.6875
511000.0,499754.3,11245.6875,11245.6875
1999000.0,2120390.0,-121390.0,121390.0
280000.0,217187.27,62812.734375,62812.734375
630000.0,776135.9,-146135.875,146135.875
350000.0,355063.62,-5063.625,5063.625
483000.0,500854.56,-17854.5625,17854.5625
560000.0,469238.44,90761.5625,90761.5625
683000.0,796736.6,-113736.625,113736.625
530000.0,441297.4,88702.59375,88702.59375
350000.0,454212.38,-104212.375,104212.375
705000.0,614601.8,90398.1875,90398.1875
369000.0,334857.12,34142.875,34142.875
602000.0,567408.5,34591.5,34591.5
1250000.0,1422443.9,-172443.875,172443.875
800000.0,804220.1,-4220.125,4220.125
250000.0,194826.84,55173.15625,55173.15625
425000.0,372263.94,52736.0625,52736.0625
400000.0,436219.34,-36219.34375,36219.34375
500000.0,334006.2,165993.8125,165993.8125
449950.0,382215.2,67734.8125,67734.8125
310000.0,319014.38,-9014.375,9014.375
353500.0,322612.66,30887.34375,30887.34375
1378600.0,1265660.5,112939.5,112939.5
550000.0,564939.3,-14939.3125,14939.3125
206000.0,156298.73,49701.265625,49701.265625
190000.0,252430.03,-62430.03125,62430.03125
237500.0,275790.9,-38290.90625,38290.90625
1378000.0,1112638.9,265361.125,265361.125
560000.0,500316.53,59683.46875,59683.46875
379900.0,442184.62,-62284.625,62284.625
433000.0,449338.7,-16338.6875,16338.6875
658000.0,526812.8,131187.1875,131187.1875
220000.0,217441.56,2558.4375,2558.4375
559000.0,550767.8,8232.1875,8232.1875
934550.0,979165.0,-44615.0,44615.0
199950.0,184207.95,15742.046875,15742.046875
380000.0,314304.03,65695.96875,65695.96875
133000.0,257926.78,-124926.78125,124926.78125
723000.0,617555.4,105444.625,105444.625
660000.0,718239.0,-58239.0,58239.0
507500.0,486963.88,20536.125,20536.125
975000.0,921859.3,53140.6875,53140.6875
225000.0,244163.78,-19163.78125,19163.78125
438000.0,489951.7,-51951.6875,51951.6875
850000.0,717997.94,132002.0625,132002.0625
290000.0,303101.75,-13101.75,13101.75
629000.0,498251.44,130748.5625,130748.5625
515000.0,459410.5,55589.5,55589.5
308950.0,304729.75,4220.25,4220.25
1062000.0,954002.0,107998.0,107998.0
780000.0,895106.0,-115106.0,115106.0
344500.0,295535.34,48964.65625,48964.65625
308000.0,327932.56,-19932.5625,19932.5625
625000.0,516011.28,108988.71875,108988.71875
450000.0,515690.53,-65690.53125,65690.53125
275000.0,289830.22,-14830.21875,14830.21875
405000.0,359379.9,45620.09375,45620.09375
400000.0,401820.72,-1820.71875,1820.71875
625000.0,477441.28,147558.71875,147558.71875
570000.0,626036.25,-56036.25,56036.25
589000.0,648702.75,-59702.75,59702.75
481000.0,563547.75,-82547.75,82547.75
473000.0,517165.56,-44165.5625,44165.5625
600000.0,480663.06,119336.9375,119336.9375
1190000.0,1471334.6,-281334.625,281334.625
660000.0,711166.1,-51166.125,51166.125
550000.0,619021.25,-69021.25,69021.25
258950.0,246188.89,12761.109375,12761.109375
485000.0,464557.34,20442.65625,20442.65625
370000.0,291415.28,78584.71875,78584.71875
345000.0,337504.38,7495.625,7495.625
275000.0,247746.42,27253.578125,27253.578125
580000.0,538356.25,41643.75,41643.75
365650.0,378867.3,-13217.3125,13217.3125
1075000.0,671199.0,403801.0,403801.0
230000.0,304319.97,-74319.96875,74319.96875
395000.0,504242.0,-109242.0,109242.0
815000.0,844544.6,-29544.625,29544.625
710000.0,795143.3,-85143.3125,85143.3125
1450000.0,1330518.4,119481.625,119481.625
578888.0,502689.22,76198.78125,76198.78125
324747.0,375365.12,-50618.125,50618.125
540000.0,497086.75,42913.25,42913.25
470000.0,569737.4,-99737.375,99737.375
453500.0,463249.12,-9749.125,9749.125
440000.0,384363.44,55636.5625,55636.5625
870000.0,803020.0,66980.0,66980.0
420000.0,429789.06,-9789.0625,9789.0625
200000.0,243482.25,-43482.25,43482.25
357500.0,366229.78,-8729.78125,8729.78125
535000.0,503925.7,31074.3125,31074.3125
255000.0,212983.62,42016.375,42016.375
175000.0,291983.62,-116983.625,116983.625
215000.0,292388.78,-77388.78125,77388.78125
360000.0,284860.44,75139.5625,75139.5625
455000.0,391457.22,63542.78125,63542.78125
600000.0,604599.1,-4599.125,4599.125
550000.0,471627.44,78372.5625,78372.5625
431750.0,439678.8,-7928.8125,7928.8125
660000.0,613436.56,46563.4375,46563.4375
582000.0,495008.1,86991.90625,86991.90625
430000.0,439511.56,-9511.5625,9511.5625
280000.0,254900.92,25099.078125,25099.078125
465000.0,540342.7,-75342.6875,75342.6875
482000.0,476748.78,5251.21875,5251.21875
234000.0,243016.2,-9016.203125,9016.203125
791000.0,746065.25,44934.75,44934.75
570000.0,673152.9,-103152.875,103152.875
723000.0,755706.7,-32706.6875,32706.6875
620000.0,763237.8,-143237.8125,143237.8125
235245.0,277668.9,-42423.90625,42423.90625
550000.0,497880.0,52120.0,52120.0
750000.0,757449.2,-7449.1875,7449.1875
248000.0,231498.73,16501.265625,16501.265625
413107.0,408553.12,4553.875,4553.875
335000.0,302079.9,32920.09375,32920.09375
409500.0,544708.44,-135208.4375,135208.4375
168000.0,193480.53,-25480.53125,25480.53125
475000.0,571964.56,-96964.5625,96964.5625
254999.0,230016.8,24982.203125,24982.203125
392000.0,479154.56,-87154.5625,87154.5625
375000.0,386269.84,-11269.84375,11269.84375
287000.0,318283.84,-31283.84375,31283.84375
469950.0,539097.6,-69147.625,69147.625
599950.0,595356.9,4593.125,4593.125
320000.0,425156.34,-105156.34375,105156.34375
499990.0,544424.9,-44434.875,44434.875
570000.0,574296.25,-4296.25,4296.25
429000.0,433483.53,-4483.53125,4483.53125
427000.0,430602.22,-3602.21875,3602.21875
258000.0,273113.1,-15113.09375,15113.09375
380000.0,309786.7,70213.3125,70213.3125
495000.0,504830.47,-9830.46875,9830.46875
384000.0,443493.8,-59493.8125,59493.8125
333500.0,440186.5,-106686.5,106686.5
346500.0,409452.56,-62952.5625,62952.5625
650000.0,686762.94,-36762.9375,36762.9375
588000.0,495564.03,92435.96875,92435.96875
530000.0,598922.9,-68922.875,68922.875
660000.0,585169.4,74830.625,74830.625
296500.0,287141.2,9358.8125,9358.8125
775000.0,816810.0,-41810.0,41810.0
379500.0,356722.28,22777.71875,22777.71875
2000000.0,2145961.5,-145961.5,145961.5
1150000.0,788161.3,361838.6875,361838.6875
545000.0,516837.22,28162.78125,28162.78125
959900.0,923747.0,36153.0,36153.0
182568.0,306492.75,-123924.75,123924.75
210000.0,280094.2,-70094.1875,70094.1875
920000.0,965393.0,-45393.0,45393.0
510000.0,529705.56,-19705.5625,19705.5625
649950.0,778238.6,-128288.625,128288.625
1225000.0,1030821.06,194178.9375,194178.9375
731000.0,738844.5,-7844.5,7844.5
316500.0,345680.47,-29180.46875,29180.46875
780000.0,873699.9,-93699.875,93699.875
330000.0,365106.5,-35106.5,35106.5
395000.0,389304.22,5695.78125,5695.78125
410000.0,431210.84,-21210.84375,21210.84375
246700.0,259396.5,-12696.5,12696.5
275000.0,282022.75,-7022.75,7022.75
595000.0,532360.8,62639.1875,62639.1875
650000.0,693560.7,-43560.6875,43560.6875
480000.0,462080.75,17919.25,17919.25
350000.0,371430.25,-21430.25,21430.25
205000.0,220851.25,-15851.25,15851.25
190000.0,245138.12,-55138.125,55138.125
387000.0,508612.34,-121612.34375,121612.34375
725000.0,607062.2,117937.8125,117937.8125
457000.0,488556.12,-31556.125,31556.125
440000.0,472911.94,-32911.9375,32911.9375
856000.0,611078.75,244921.25,244921.25
340000.0,341663.9,-1663.90625,1663.90625
435000.0,651601.44,-216601.4375,216601.4375
379400.0,585675.2,-206275.1875,206275.1875
515000.0,545683.3,-30683.3125,30683.3125
545000.0,473346.9,71653.09375,71653.09375
815000.0,675579.4,139420.625,139420.625
224000.0,342517.38,-118517.375,118517.375
525000.0,469124.78,55875.21875,55875.21875
219950.0,232029.66,-12079.65625,12079.65625
299000.0,305680.38,-6680.375,6680.375
1000000.0,1486248.2,-486248.25,486248.25
198400.0,206895.72,-8495.71875,8495.71875
925000.0,631102.1,293897.875,293897.875
300000.0,278837.8,21162.1875,21162.1875
270000.0,284225.72,-14225.71875,14225.71875
289950.0,278039.1,11910.90625,11910.90625
300523.0,901826.25,-601303.25,601303.25
205000.0,267970.34,-62970.34375,62970.34375
256883.0,267659.0,-10776.0,10776.0
575000.0,538370.6,36629.375,36629.375
560000.0,504804.97,55195.03125,55195.03125
211000.0,354461.38,-143461.375,143461.375
380000.0,353720.16,26279.84375,26279.84375
540000.0,395162.3,144837.6875,144837.6875
625000.0,629114.3,-4114.3125,4114.3125
920000.0,952014.4,-32014.375,32014.375
1442500.0,1010088.1,432411.875,432411.875
450000.0,387556.12,62443.875,62443.875
406000.0,436824.66,-30824.65625,30824.65625
1532500.0,1346627.1,185872.875,185872.875
610000.0,642507.06,-32507.0625,32507.0625
497000.0,691727.6,-194727.625,194727.625
619000.0,560549.3,58450.6875,58450.6875
385000.0,378869.88,6130.125,6130.125
372000.0,416239.8,-44239.8125,44239.8125
688000.0,789649.5,-101649.5,101649.5
2384000.0,1740985.9,643014.125,643014.125
249000.0,334394.1,-85394.09375,85394.09375
220000.0,258791.12,-38791.125,38791.125
367950.0,412340.2,-44390.1875,44390.1875
285000.0,287983.38,-2983.375,2983.375
1755000.0,1224785.6,530214.375,530214.375
315000.0,269556.66,45443.34375,45443.34375
695000.0,757401.5,-62401.5,62401.5
429000.0,436595.2,-7595.1875,7595.1875
266000.0,271063.44,-5063.4375,5063.4375
219000.0,291873.1,-72873.09375,72873.09375
514000.0,486715.47,27284.53125,27284.53125
176000.0,215575.4,-39575.40625,39575.40625
261000.0,271081.25,-10081.25,10081.25
599950.0,332573.97,267376.03125,267376.03125
787500.0,604358.75,183141.25,183141.25
480000.0,649628.94,-169628.9375,169628.9375
665900.0,550914.94,114985.0625,114985.0625
320000.0,367673.3,-47673.3125,47673.3125
635000.0,620254.5,14745.5,14745.5
360000.0,470404.25,-110404.25,110404.25
513000.0,452316.03,60683.96875,60683.96875
860000.0,959058.44,-99058.4375,99058.4375
1350000.0,1069938.8,280061.25,280061.25
650000.0,819740.25,-169740.25,169740.25
740000.0,672642.06,67357.9375,67357.9375
280000.0,262627.22,17372.78125,17372.78125
335000.0,356389.06,-21389.0625,21389.0625
1600000.0,1819422.2,-219422.25,219422.25
435000.0,474637.03,-39637.03125,39637.03125
662500.0,572557.75,89942.25,89942.25
440000.0,388638.0,51362.0,51362.0
478000.0,494137.88,-16137.875,16137.875
250000.0,277543.16,-27543.15625,27543.15625
339999.0,385984.44,-45985.4375,45985.4375
593500.0,547407.06,46092.9375,46092.9375
300000.0,267757.78,32242.21875,32242.21875
336750.0,346479.84,-9729.84375,9729.84375
420000.0,477497.75,-57497.75,57497.75
212000.0,188164.97,23835.03125,23835.03125
366000.0,254187.72,111812.28125,111812.28125
215000.0,251541.34,-36541.34375,36541.34375
280000.0,260230.77,19769.234375,19769.234375
970000.0,959710.8,10289.1875,10289.1875
359950.0,386963.38,-27013.375,27013.375
240000.0,223572.89,16427.109375,16427.109375
385000.0,308770.88,76229.125,76229.125
340000.0,333599.7,6400.3125,6400.3125
2950000.0,2191072.5,758927.5,758927.5
352750.0,315356.38,37393.625,37393.625
675000.0,652842.94,22157.0625,22157.0625
510000.0,511188.2,-1188.1875,1188.1875
243000.0,246589.05,-3589.046875,3589.046875
340500.0,307250.16,33249.84375,33249.84375
618080.0,506733.34,111346.65625,111346.65625
350500.0,293881.9,56618.09375,56618.09375
314950.0,283549.7,31400.3125,31400.3125
402000.0,415694.34,-13694.34375,13694.34375
238950.0,234029.31,4920.6875,4920.6875
463000.0,422670.88,40329.125,40329.125
750000.0,1064018.6,-314018.625,314018.625
355000.0,266737.8,88262.1875,88262.1875
890776.0,776109.25,114666.75,114666.75
447000.0,437165.56,9834.4375,9834.4375
248000.0,225671.56,22328.4375,22328.4375
715000.0,690750.7,24249.3125,24249.3125
499990.0,564566.6,-64576.625,64576.625
895000.0,1061372.5,-166372.5,166372.5
427874.0,515769.72,-87895.71875,87895.71875
710000.0,722867.8,-12867.8125,12867.8125
310000.0,263949.97,46050.03125,46050.03125
452000.0,441440.1,10559.90625,10559.90625
315000.0,295117.38,19882.625,19882.625
240000.0,273534.84,-33534.84375,33534.84375
208000.0,236397.86,-28397.859375,28397.859375
750000.0,791016.75,-41016.75,41016.75
715000.0,711668.9,3331.125,3331.125
772500.0,614994.7,157505.3125,157505.3125
315000.0,379773.12,-64773.125,64773.125
467000.0,609434.06,-142434.0625,142434.0625
350000.0,358865.8,-8865.8125,8865.8125
235000.0,203158.84,31841.15625,31841.15625
286308.0,293974.97,-7666.96875,7666.96875
160000.0,268688.38,-108688.375,108688.375
648752.0,777854.25,-129102.25,129102.25
597000.0,634141.06,-37141.0625,37141.0625
525000.0,512433.3,12566.6875,12566.6875
396000.0,270815.38,125184.625,125184.625
324500.0,273893.5,50606.5,50606.5
770000.0,674744.25,95255.75,95255.75
825000.0,1084267.0,-259267.0,259267.0
325000.0,287251.28,37748.71875,37748.71875
444500.0,493969.2,-49469.1875,49469.1875
315000.0,286989.8,28010.1875,28010.1875
329900.0,477220.97,-147320.96875,147320.96875
345000.0,384951.47,-39951.46875,39951.46875
345000.0,359393.62,-14393.625,14393.625
330000.0,316620.56,13379.4375,13379.4375
480000.0,498115.56,-18115.5625,18115.5625
354901.0,420171.06,-65270.0625,65270.0625
715000.0,794618.75,-79618.75,79618.75
504058.0,569258.9,-65200.875,65200.875
294900.0,292005.06,2894.9375,2894.9375
375000.0,388126.84,-13126.84375,13126.84375
270000.0,281092.88,-11092.875,11092.875
635000.0,668658.1,-33658.125,33658.125
310000.0,475774.06,-165774.0625,165774.0625
560000.0,652291.56,-92291.5625,92291.5625
539500.0,723982.7,-184482.6875,184482.6875
312000.0,295477.3,16522.6875,16522.6875
594000.0,608803.8,-14803.8125,14803.8125
288790.0,358528.2,-69738.1875,69738.1875
530000.0,495780.53,34219.46875,34219.46875
261000.0,267549.75,-6549.75,6549.75
340000.0,441873.1,-101873.09375,101873.09375
430000.0,575446.44,-145446.4375,145446.4375
485000.0,469252.75,15747.25,15747.25
319000.0,310032.0,8968.0,8968.0
1050000.0,1065130.4,-15130.375,15130.375
405000.0,639647.6,-234647.625,234647.625
195000.0,210094.55,-15094.546875,15094.546875
727500.0,577155.75,150344.25,150344.25
499000.0,450774.38,48225.625,48225.625
243000.0,299595.62,-56595.625,56595.625
309950.0,315528.75,-5578.75,5578.75
1000000.0,1111499.8,-111499.75,111499.75
439000.0,479099.28,-40099.28125,40099.28125
532500.0,547733.94,-15233.9375,15233.9375
188000.0,202604.52,-14604.515625,14604.515625
330000.0,263492.72,66507.28125,66507.28125
449950.0,548527.44,-98577.4375,98577.4375
440000.0,424239.78,15760.21875,15760.21875
545000.0,523535.3,21464.6875,21464.6875
256500.0,294020.94,-37520.9375,37520.9375
689000.0,570161.4,118838.625,118838.625
880000.0,999412.9,-119412.875,119412.875
460000.0,452150.4,7849.59375,7849.59375
680000.0,736526.4,-56526.375,56526.375
3800000.0,2791240.8,1008759.25,1008759.25
350000.0,371195.44,-21195.4375,21195.4375
950000.0,1144202.2,-194202.25,194202.25
580000.0,545942.56,34057.4375,34057.4375
765000.0,822858.4,-57858.375,57858.375
470000.0,465392.78,4607.21875,4607.21875
3395000.0,2483622.8,911377.25,911377.25
600000.0,662180.25,-62180.25,62180.25
740000.0,1172201.2,-432201.25,432201.25
160000.0,233686.52,-73686.515625,73686.515625
477500.0,421905.7,55594.3125,55594.3125
1987500.0,1725389.2,262110.75,262110.75
294450.0,407233.25,-112783.25,112783.25
259000.0,297052.75,-38052.75,38052.75
460940.0,452904.78,8035.21875,8035.21875
275000.0,252943.31,22056.6875,22056.6875
925000.0,758767.2,166232.8125,166232.8125
481000.0,506383.12,-25383.125,25383.125
540000.0,598228.2,-58228.1875,58228.1875
255000.0,244850.28,10149.71875,10149.71875
610000.0,488312.5,121687.5,121687.5
415000.0,372044.25,42955.75,42955.75
400000.0,507020.97,-107020.96875,107020.96875
473600.0,345772.12,127827.875,127827.875
620000.0,712878.7,-92878.6875,92878.6875
399900.0,421096.9,-21196.90625,21196.90625
699950.0,546193.56,153756.4375,153756.4375
1185000.0,1148911.8,36088.25,36088.25
399950.0,435196.75,-35246.75,35246.75
747450.0,548327.7,199122.3125,199122.3125
165000.0,217029.28,-52029.28125,52029.28125
415950.0,382872.6,33077.40625,33077.40625
480000.0,486989.88,-6989.875,6989.875
180000.0,184673.03,-4673.03125,4673.03125
358000.0,362137.06,-4137.0625,4137.0625
565000.0,602140.4,-37140.375,37140.375
675000.0,713427.56,-38427.5625,38427.5625
235000.0,247205.48,-12205.484375,12205.484375
588000.0,459033.88,128966.125,128966.125
555000.0,390295.66,164704.34375,164704.34375
567500.0,581157.9,-13657.875,13657.875
675000.0,582910.8,92089.1875,92089.1875
758000.0,759406.4,-1406.375,1406.375
835000.0,1016819.8,-181819.8125,181819.8125
257000.0,284781.94,-27781.9375,27781.9375
500000.0,487461.03,12538.96875,12538.96875
247500.0,233261.47,14238.53125,14238.53125
440000.0,421219.4,18780.59375,18780.59375
367500.0,401900.8,-34400.8125,34400.8125
525000.0,494818.34,30181.65625,30181.65625
476500.0,466808.53,9691.46875,9691.46875
170000.0,294890.62,-124890.625,124890.625
280000.0,270301.9,9698.09375,9698.09375
1200000.0,961808.1,238191.875,238191.875
172500.0,291417.25,-118917.25,118917.25
650000.0,680923.5,-30923.5,30923.5
1100000.0,1059469.2,40530.75,40530.75
676000.0,531974.56,144025.4375,144025.4375
300000.0,312902.25,-12902.25,12902.25
349900.0,437692.84,-87792.84375,87792.84375
310000.0,329347.62,-19347.625,19347.625
688000.0,655074.44,32925.5625,32925.5625
340000.0,290714.4,49285.59375,49285.59375
550000.0,558827.44,-8827.4375,8827.4375
462550.0,400945.28,61604.71875,61604.71875
305000.0,349997.16,-44997.15625,44997.15625
650000.0,789180.5,-139180.5,139180.5
434000.0,416739.88,17260.125,17260.125
265000.0,344041.3,-79041.3125,79041.3125
942000.0,931499.2,10500.8125,10500.8125
340500.0,535838.7,-195338.6875,195338.6875
415000.0,391522.56,23477.4375,23477.4375
297262.0,275936.12,21325.875,21325.875
424950.0,401267.75,23682.25,23682.25
255000.0,254070.42,929.578125,929.578125
890000.0,832551.6,57448.375,57448.375
280000.0,339263.12,-59263.125,59263.125
1000000.0,882121.6,117878.375,117878.375
279000.0,277234.97,1765.03125,1765.03125
675000.0,548129.0,126871.0,126871.0
345000.0,356033.72,-11033.71875,11033.71875
380000.0,341861.75,38138.25,38138.25
385000.0,375773.78,9226.21875,9226.21875
1003000.0,714693.5,288306.5,288306.5
925000.0,823916.9,101083.125,101083.125
395000.0,371831.78,23168.21875,23168.21875
365000.0,363521.84,1478.15625,1478.15625
875000.0,687293.6,187706.375,187706.375
580000.0,598496.94,-18496.9375,18496.9375
359800.0,343543.6,16256.40625,16256.40625
480000.0,505792.34,-25792.34375,25792.34375
284000.0,343025.03,-59025.03125,59025.03125
570000.0,550046.06,19953.9375,19953.9375
517100.0,457660.44,59439.5625,59439.5625
377500.0,437530.94,-60030.9375,60030.9375
425000.0,423991.84,1008.15625,1008.15625
245000.0,307769.25,-62769.25,62769.25
490000.0,534654.44,-44654.4375,44654.4375
640000.0,623169.25,16830.75,16830.75
577000.0,544955.75,32044.25,32044.25
204555.0,227671.58,-23116.578125,23116.578125
490000.0,424461.16,65538.84375,65538.84375
675000.0,797532.56,-122532.5625,122532.5625
485000.0,508639.03,-23639.03125,23639.03125
310000.0,281975.4,28024.59375,28024.59375
205000.0,336087.6,-131087.59375,131087.59375
328000.0,409751.8,-81751.8125,81751.8125
815000.0,861787.56,-46787.5625,46787.5625
719000.0,603563.3,115436.6875,115436.6875
839000.0,980640.6,-141640.625,141640.625
280000.0,358171.4,-78171.40625,78171.40625
798000.0,959316.4,-161316.375,161316.375
210000.0,230661.1,-20661.09375,20661.09375
253000.0,268919.62,-15919.625,15919.625
445000.0,477481.8,-32481.8125,32481.8125
645500.0,660709.8,-15209.8125,15209.8125
230000.0,279939.84,-49939.84375,49939.84375
540000.0,492424.56,47575.4375,47575.4375
668750.0,579891.75,88858.25,88858.25
740000.0,688755.56,51244.4375,51244.4375
5570000.0,3906550.0,1663450.0,1663450.0
268000.0,305340.94,-37340.9375,37340.9375
499950.0,433982.8,65967.1875,65967.1875
325000.0,296992.4,28007.59375,28007.59375
572800.0,662316.0,-89516.0,89516.0
728725.0,624232.8,104492.1875,104492.1875
317000.0,320673.12,-3673.125,3673.125
381000.0,393584.2,-12584.1875,12584.1875
822500.0,736237.75,86262.25,86262.25
303700.0,320610.44,-16910.4375,16910.4375
406500.0,423830.94,-17330.9375,17330.9375
330000.0,306321.25,23678.75,23678.75
755000.0,629585.5,125414.5,125414.5
375000.0,432128.44,-57128.4375,57128.4375
280000.0,259981.22,20018.78125,20018.78125
825000.0,801272.0,23728.0,23728.0
533000.0,489790.06,43209.9375,43209.9375
535000.0,512248.16,22751.84375,22751.84375
217000.0,192128.7,24871.296875,24871.296875
842500.0,817069.44,25430.5625,25430.5625
220000.0,238479.52,-18479.515625,18479.515625
505000.0,434201.38,70798.625,70798.625
363000.0,412225.78,-49225.78125,49225.78125
445000.0,422439.94,22560.0625,22560.0625
265000.0,300153.88,-35153.875,35153.875
375000.0,345619.5,29380.5,29380.5
472217.0,457883.97,14333.03125,14333.03125
430000.0,462383.6,-32383.59375,32383.59375
1125000.0,1203424.8,-78424.75,78424.75
475500.0,479179.25,-3679.25,3679.25
650000.0,559293.94,90706.0625,90706.0625
253000.0,236442.5,16557.5,16557.5
359000.0,379005.38,-20005.375,20005.375
528000.0,391519.94,136480.0625,136480.0625
570000.0,527483.5,42516.5,42516.5
429000.0,506679.22,-77679.21875,77679.21875
749950.0,802651.7,-52701.6875,52701.6875
498500.0,426120.4,72379.59375,72379.59375
457000.0,531849.3,-74849.3125,74849.3125
730000.0,763941.25,-33941.25,33941.25
913888.0,853158.7,60729.3125,60729.3125
565000.0,475642.97,89357.03125,89357.03125
428000.0,392336.25,35663.75,35663.75
400000.0,375260.25,24739.75,24739.75
347000.0,369085.62,-22085.625,22085.625
625000.0,550566.7,74433.3125,74433.3125
360000.0,348700.16,11299.84375,11299.84375
415000.0,432067.06,-17067.0625,17067.0625
323000.0,336749.8,-13749.8125,13749.8125
1959000.0,2400811.0,-441811.0,441811.0
330000.0,317314.0,12686.0,12686.0
834000.0,923109.44,-89109.4375,89109.4375
435000.0,417952.22,17047.78125,17047.78125
403000.0,460196.3,-57196.3125,57196.3125
640000.0,962550.44,-322550.4375,322550.4375
503000.0,461383.7,41616.3125,41616.3125
710000.0,970713.4,-260713.375,260713.375
250000.0,280571.7,-30571.6875,30571.6875
459990.0,548039.6,-88049.625,88049.625
370000.0,498310.38,-128310.375,128310.375
800000.0,734766.9,65233.125,65233.125
250000.0,297513.16,-47513.15625,47513.15625
310000.0,347081.1,-37081.09375,37081.09375
537000.0,695350.2,-158350.1875,158350.1875
315000.0,310956.44,4043.5625,4043.5625
978000.0,1323157.8,-345157.75,345157.75
590000.0,589833.2,166.8125,166.8125
1750000.0,1176623.0,573377.0,573377.0
500000.0,473239.5,26760.5,26760.5
305000.0,322026.16,-17026.15625,17026.15625
710000.0,590138.1,119861.875,119861.875
500000.0,499477.0,523.0,523.0
869000.0,751698.0,117302.0,117302.0
299950.0,286450.03,13499.96875,13499.96875
755000.0,525648.56,229351.4375,229351.4375
212000.0,215629.9,-3629.90625,3629.90625
445000.0,529217.8,-84217.8125,84217.8125
345000.0,358717.66,-13717.65625,13717.65625
157000.0,178457.38,-21457.375,21457.375
289950.0,332443.97,-42493.96875,42493.96875
604700.0,497353.72,107346.28125,107346.28125
285000.0,328426.75,-43426.75,43426.75
381500.0,389747.78,-8247.78125,8247.78125
245560.0,343558.34,-97998.34375,97998.34375
468000.0,511315.44,-43315.4375,43315.4375
470000.0,456088.4,13911.59375,13911.59375
669950.0,572661.0,97289.0,97289.0
615000.0,549375.56,65624.4375,65624.4375
2095000.0,2219891.8,-124891.75,124891.75
310000.0,311402.78,-1402.78125,1402.78125
507250.0,536186.8,-28936.8125,28936.8125
600000.0,547421.1,52578.875,52578.875
552500.0,591029.7,-38529.6875,38529.6875
625000.0,557780.1,67219.875,67219.875
409124.0,460998.84,-51874.84375,51874.84375
414250.0,386898.06,27351.9375,27351.9375
668000.0,639553.7,28446.3125,28446.3125
306500.0,260889.02,45610.984375,45610.984375
985000.0,675408.7,309591.3125,309591.3125
1225000.0,878450.5,346549.5,346549.5
415000.0,401207.28,13792.71875,13792.71875
235000.0,254676.16,-19676.15625,19676.15625
111300.0,158449.72,-47149.71875,47149.71875
572000.0,526103.44,45896.5625,45896.5625
496500.0,543320.6,-46820.625,46820.625
475000.0,464220.75,10779.25,10779.25
500000.0,356898.88,143101.125,143101.125
445000.0,441557.56,3442.4375,3442.4375
539950.0,469852.78,70097.21875,70097.21875
999999.0,806646.6,193352.375,193352.375
630000.0,756204.9,-126204.875,126204.875
712000.0,613461.7,98538.3125,98538.3125
248000.0,320417.56,-72417.5625,72417.5625
774000.0,653655.94,120344.0625,120344.0625
305000.0,437023.4,-132023.40625,132023.40625
435000.0,375539.84,59460.15625,59460.15625
527000.0,507045.16,19954.84375,19954.84375
453000.0,623427.9,-170427.875,170427.875
485000.0,510054.53,-25054.53125,25054.53125
348500.0,305122.62,43377.375,43377.375
548500.0,552422.75,-3922.75,3922.75
440000.0,663015.6,-223015.625,223015.625
314000.0,415745.06,-101745.0625,101745.0625
239900.0,241324.02,-1424.015625,1424.015625
250000.0,317359.38,-67359.375,67359.375
1250000.0,978416.4,271583.625,271583.625
718000.0,564022.56,153977.4375,153977.4375
517000.0,595159.3,-78159.3125,78159.3125
365000.0,393598.44,-28598.4375,28598.4375
447500.0,482434.8,-34934.8125,34934.8125
512500.0,431557.66,80942.34375,80942.34375
340000.0,415211.38,-75211.375,75211.375
1155000.0,863510.25,291489.75,291489.75
1328000.0,1114316.6,213683.375,213683.375
675000.0,678631.8,-3631.8125,3631.8125
285000.0,338067.16,-53067.15625,53067.15625
330000.0,257773.58,72226.421875,72226.421875
532500.0,511901.9,20598.09375,20598.09375
429000.0,503750.78,-74750.78125,74750.78125
200000.0,251255.8,-51255.796875,51255.796875
355000.0,366021.3,-11021.3125,11021.3125
980000.0,1416818.5,-436818.5,436818.5
259900.0,269324.38,-9424.375,9424.375
380000.0,420761.72,-40761.71875,40761.71875
401000.0,375414.16,25585.84375,25585.84375
285000.0,290609.9,-5609.90625,5609.90625
386500.0,663351.44,-276851.4375,276851.4375
315000.0,261495.56,53504.4375,53504.4375
375000.0,386174.44,-11174.4375,11174.4375
425000.0,476490.62,-51490.625,51490.625
932800.0,807350.06,125449.9375,125449.9375
447500.0,415405.44,32094.5625,32094.5625
629000.0,621693.6,7306.375,7306.375
2641100.0,2114025.5,527074.5,527074.5
1175000.0,1276461.0,-101461.0,101461.0
600600.0,450039.88,150560.125,150560.125
475000.0,494271.72,-19271.71875,19271.71875
199000.0,234735.88,-35735.875,35735.875
553000.0,423199.66,129800.34375,129800.34375
198000.0,214991.92,-16991.921875,16991.921875
250000.0,260278.17,-10278.171875,10278.171875
447000.0,386178.88,60821.125,60821.125
650000.0,608584.4,41415.625,41415.625
555000.0,559918.3,-4918.3125,4918.3125
465000.0,455628.88,9371.125,9371.125
415000.0,225746.25,189253.75,189253.75
367000.0,392347.88,-25347.875,25347.875
115000.0,174546.3,-59546.296875,59546.296875
475000.0,507633.0,-32633.0,32633.0
554000.0,490816.4,63183.59375,63183.59375
930000.0,724236.1,205763.875,205763.875
428900.0,418244.88,10655.125,10655.125
464000.0,625927.0,-161927.0,161927.0
272500.0,259654.16,12845.84375,12845.84375
500000.0,724743.25,-224743.25,224743.25
352900.0,309292.5,43607.5,43607.5
451000.0,481243.75,-30243.75,30243.75
285000.0,273902.66,11097.34375,11097.34375
400000.0,476713.3,-76713.3125,76713.3125
1326000.0,1162613.4,163386.625,163386.625
265000.0,261618.03,3381.96875,3381.96875
625000.0,564789.56,60210.4375,60210.4375
795000.0,727060.3,67939.6875,67939.6875
225000.0,219659.84,5340.15625,5340.15625
580000.0,568298.8,11701.1875,11701.1875
953007.0,956057.7,-3050.6875,3050.6875
432500.0,353434.22,79065.78125,79065.78125
370000.0,384239.2,-14239.1875,14239.1875
837000.0,681768.9,155231.125,155231.125
470000.0,479856.03,-9856.03125,9856.03125
538000.0,598623.7,-60623.6875,60623.6875
355000.0,278213.34,76786.65625,76786.65625
292000.0,344872.06,-52872.0625,52872.0625
300000.0,434037.44,-134037.4375,134037.4375
525000.0,530958.9,-5958.875,5958.875
163000.0,241387.55,-78387.546875,78387.546875
795000.0,762920.5,32079.5,32079.5
399000.0,359879.25,39120.75,39120.75
475000.0,595190.5,-120190.5,120190.5
450000.0,542966.8,-92966.8125,92966.8125
282000.0,338810.8,-56810.8125,56810.8125
675000.0,670426.9,4573.125,4573.125
289000.0,285212.47,3787.53125,3787.53125
350000.0,333231.47,16768.53125,16768.53125
350000.0,324966.88,25033.125,25033.125
185000.0,275034.22,-90034.21875,90034.21875
765000.0,557064.06,207935.9375,207935.9375
275000.0,354635.5,-79635.5,79635.5
290000.0,345770.8,-55770.8125,55770.8125
512031.0,600286.7,-88255.6875,88255.6875
410000.0,360881.12,49118.875,49118.875
425000.0,433528.6,-8528.59375,8528.59375
265000.0,253649.89,11350.109375,11350.109375
485000.0,504412.28,-19412.28125,19412.28125
590000.0,610197.1,-20197.125,20197.125
270000.0,322587.75,-52587.75,52587.75
350000.0,440924.25,-90924.25,90924.25
158000.0,201340.75,-43340.75,43340.75
780000.0,697545.3,82454.6875,82454.6875
206000.0,213329.61,-7329.609375,7329.609375
265000.0,285989.28,-20989.28125,20989.28125
595000.0,474637.47,120362.53125,120362.53125
316000.0,319247.22,-3247.21875,3247.21875
575950.0,476707.4,99242.59375,99242.59375
120000.0,155873.61,-35873.609375,35873.609375
378800.0,376715.7,2084.3125,2084.3125
780000.0,834315.4,-54315.375,54315.375
308000.0,339683.38,-31683.375,31683.375
490000.0,506465.7,-16465.6875,16465.6875
485000.0,444406.62,40593.375,40593.375
269900.0,304819.28,-34919.28125,34919.28125
310000.0,396937.53,-86937.53125,86937.53125
399950.0,490074.12,-90124.125,90124.125
815000.0,903417.9,-88417.875,88417.875
772500.0,773918.5,-1418.5,1418.5
1035000.0,1037622.6,-2622.625,2622.625
339000.0,415309.2,-76309.1875,76309.1875
2750000.0,2342388.8,407611.25,407611.25
488250.0,524658.9,-36408.875,36408.875
326000.0,309828.94,16171.0625,16171.0625
429950.0,562538.8,-132588.8125,132588.8125
535000.0,470502.97,64497.03125,64497.03125
515000.0,452967.0,62033.0,62033.0
510000.0,494863.66,15136.34375,15136.34375
245000.0,283037.47,-38037.46875,38037.46875
590000.0,627047.8,-37047.8125,37047.8125
269950.0,314266.56,-44316.5625,44316.5625
356500.0,371591.44,-15091.4375,15091.4375
620000.0,587754.44,32245.5625,32245.5625
2300000.0,2010685.1,289314.875,289314.875
660000.0,666945.6,-6945.625,6945.625
565000.0,539170.6,25829.375,25829.375
440000.0,633578.9,-193578.875,193578.875
284000.0,300684.2,-16684.1875,16684.1875
690000.0,698237.5,-8237.5,8237.5
392500.0,339941.3,52558.6875,52558.6875
799950.0,732636.25,67313.75,67313.75
860000.0,834375.06,25624.9375,25624.9375
430000.0,309507.03,120492.96875,120492.96875
781500.0,893248.75,-111748.75,111748.75
215000.0,215804.77,-804.765625,804.765625
294350.0,253721.5,40628.5,40628.5
377691.0,456044.06,-78353.0625,78353.0625
270000.0,244042.73,25957.265625,25957.265625
1206500.0,1028180.0,178320.0,178320.0
643000.0,583890.56,59109.4375,59109.4375
3300000.0,2753746.0,546254.0,546254.0
565000.0,587775.75,-22775.75,22775.75
364000.0,400710.56,-36710.5625,36710.5625
442500.0,455704.94,-13204.9375,13204.9375
275000.0,257164.39,17835.609375,17835.609375
240000.0,195237.7,44762.296875,44762.296875
205000.0,365603.38,-160603.375,160603.375
143000.0,168859.47,-25859.46875,25859.46875
198000.0,256357.06,-58357.0625,58357.0625
615000.0,532186.2,82813.8125,82813.8125
759000.0,773284.75,-14284.75,14284.75
637000.0,603174.4,33825.625,33825.625
370000.0,294397.5,75602.5,75602.5
1065000.0,959283.5,105716.5,105716.5
555000.0,633615.75,-78615.75,78615.75
749950.0,588814.75,161135.25,161135.25
1096500.0,1174758.4,-78258.375,78258.375
1135000.0,1250535.9,-115535.875,115535.875
540000.0,537146.94,2853.0625,2853.0625
636100.0,659340.1,-23240.125,23240.125
910000.0,885606.25,24393.75,24393.75
415000.0,445172.72,-30172.71875,30172.71875
624000.0,461028.28,162971.71875,162971.71875
270000.0,311674.03,-41674.03125,41674.03125
755000.0,580743.44,174256.5625,174256.5625
245000.0,274994.34,-29994.34375,29994.34375
453250.0,452517.1,732.90625,732.90625
304500.0,352445.66,-47945.65625,47945.65625
687500.0,740536.1,-53036.125,53036.125
359950.0,426083.44,-66133.4375,66133.4375
790000.0,786207.94,3792.0625,3792.0625
506000.0,499757.16,6242.84375,6242.84375
374000.0,299447.38,74552.625,74552.625
225000.0,236204.06,-11204.0625,11204.0625
802000.0,655717.56,146282.4375,146282.4375
480680.0,424265.7,56414.3125,56414.3125
285000.0,240219.55,44780.453125,44780.453125
579500.0,561809.7,17690.3125,17690.3125
472000.0,465869.7,6130.3125,6130.3125
568000.0,485347.2,82652.8125,82652.8125
690000.0,693390.7,-3390.6875,3390.6875
649800.0,596187.5,53612.5,53612.5
275000.0,370311.5,-95311.5,95311.5
180000.0,187168.61,-7168.609375,7168.609375
771000.0,688697.75,82302.25,82302.25
359000.0,337562.0,21438.0,21438.0
600000.0,699361.75,-99361.75,99361.75
450000.0,471342.8,-21342.8125,21342.8125
356000.0,388956.88,-32956.875,32956.875
1060000.0,781267.44,278732.5625,278732.5625
574800.0,659390.44,-84590.4375,84590.4375
449950.0,494807.97,-44857.96875,44857.96875
540000.0,560228.7,-20228.6875,20228.6875
242000.0,236890.53,5109.46875,5109.46875
212500.0,201007.89,11492.109375,11492.109375
795000.0,306310.72,488689.28125,488689.28125
335000.0,397008.3,-62008.3125,62008.3125
514700.0,443257.88,71442.125,71442.125
270000.0,239909.33,30090.671875,30090.671875
232000.0,268268.22,-36268.21875,36268.21875
410000.0,391824.38,18175.625,18175.625
1085000.0,879711.4,205288.625,205288.625
872000.0,759670.8,112329.1875,112329.1875
435000.0,385034.44,49965.5625,49965.5625
230000.0,190737.75,39262.25,39262.25
403950.0,434304.5,-30354.5,30354.5
465500.0,489014.34,-23514.34375,23514.34375
810000.0,866518.0,-56518.0,56518.0
339950.0,372319.7,-32369.6875,32369.6875
1300000.0,1460107.4,-160107.375,160107.375
515000.0,638568.8,-123568.8125,123568.8125
206000.0,173166.5,32833.5,32833.5
1250000.0,1277490.0,-27490.0,27490.0
835000.0,921365.4,-86365.375,86365.375
588000.0,537381.1,50618.875,50618.875
490000.0,595410.75,-105410.75,105410.75
240000.0,279735.44,-39735.4375,39735.4375
535000.0,573232.5,-38232.5,38232.5
316475.0,275032.1,41442.90625,41442.90625
275000.0,324721.5,-49721.5,49721.5
310597.0,288968.56,21628.4375,21628.4375
620000.0,521059.75,98940.25,98940.25
275000.0,325675.78,-50675.78125,50675.78125
394000.0,439571.9,-45571.90625,45571.90625
575000.0,675663.8,-100663.8125,100663.8125
290000.0,291103.38,-1103.375,1103.375
560000.0,421119.0,138881.0,138881.0
752500.0,684889.06,67610.9375,67610.9375
551000.0,487460.12,63539.875,63539.875
975000.0,870424.8,104575.1875,104575.1875
387000.0,499534.16,-112534.15625,112534.15625
500000.0,690583.4,-190583.375,190583.375
562000.0,526181.7,35818.3125,35818.3125
308000.0,254961.95,53038.046875,53038.046875
496752.0,697887.3,-201135.3125,201135.3125
276000.0,309312.88,-33312.875,33312.875
606000.0,531008.5,74991.5,74991.5
575000.0,632455.4,-57455.375,57455.375
296000.0,295448.84,551.15625,551.15625
435000.0,547176.3,-112176.3125,112176.3125
431500.0,443493.8,-11993.8125,11993.8125
350000.0,294456.72,55543.28125,55543.28125
485500.0,589423.8,-103923.8125,103923.8125
659950.0,729439.0,-69489.0,69489.0
230000.0,366619.06,-136619.0625,136619.0625
210000.0,226641.48,-16641.484375,16641.484375
1184000.0,1035515.06,148484.9375,148484.9375
425000.0,405837.12,19162.875,19162.875
292500.0,278745.56,13754.4375,13754.4375
619420.0,708216.6,-88796.625,88796.625
600000.0,603635.9,-3635.875,3635.875
335000.0,296574.66,38425.34375,38425.34375
340000.0,336065.5,3934.5,3934.5
398500.0,364528.28,33971.71875,33971.71875
342500.0,323985.94,18514.0625,18514.0625
370000.0,338093.28,31906.71875,31906.71875
499000.0,579692.7,-80692.6875,80692.6875
530000.0,441250.7,88749.3125,88749.3125
408000.0,419825.38,-11825.375,11825.375
411000.0,449993.06,-38993.0625,38993.0625
440000.0,682068.6,-242068.625,242068.625
240000.0,323253.88,-83253.875,83253.875
252500.0,371021.7,-118521.6875,118521.6875
600000.0,599156.0,844.0,844.0
395000.0,436179.8,-41179.8125,41179.8125
280000.0,277563.0,2437.0,2437.0
190000.0,283028.0,-93028.0,93028.0
457000.0,496620.5,-39620.5,39620.5
370000.0,241451.1,128548.90625,128548.90625
1580000.0,1552458.6,27541.375,27541.375
259000.0,316292.5,-57292.5,57292.5
1160000.0,1612084.6,-452084.625,452084.625
459000.0,498050.03,-39050.03125,39050.03125
980000.0,838879.8,141120.1875,141120.1875
518000.0,463897.25,54102.75,54102.75
540000.0,540090.25,-90.25,90.25
310000.0,379107.7,-69107.6875,69107.6875
650000.0,523374.06,126625.9375,126625.9375
600000.0,666432.5,-66432.5,66432.5
374950.0,341396.5,33553.5,33553.5
596000.0,744956.1,-148956.125,148956.125
400000.0,377555.84,22444.15625,22444.15625
1079000.0,952134.2,126865.8125,126865.8125
651000.0,626168.75,24831.25,24831.25
254000.0,252401.14,1598.859375,1598.859375
435000.0,369762.06,65237.9375,65237.9375
230005.0,265981.84,-35976.84375,35976.84375
570000.0,562645.06,7354.9375,7354.9375
440000.0,412072.1,27927.90625,27927.90625
357000.0,296152.97,60847.03125,60847.03125
427500.0,511980.5,-84480.5,84480.5
875000.0,943293.2,-68293.1875,68293.1875
585000.0,541047.06,43952.9375,43952.9375
230000.0,225662.53,4337.46875,4337.46875
600000.0,451410.22,148589.78125,148589.78125
1210000.0,1040055.8,169944.1875,169944.1875
557500.0,511174.53,46325.46875,46325.46875
490000.0,373805.78,116194.21875,116194.21875
244900.0,243672.73,1227.265625,1227.265625
369950.0,397487.94,-27537.9375,27537.9375
810000.0,848028.75,-38028.75,38028.75
307999.0,324606.03,-16607.03125,16607.03125
730000.0,723693.44,6306.5625,6306.5625
680000.0,667760.9,12239.125,12239.125
490000.0,454598.94,35401.0625,35401.0625
285000.0,334749.53,-49749.53125,49749.53125
397000.0,483012.56,-86012.5625,86012.5625
275000.0,258467.03,16532.96875,16532.96875
419000.0,439033.12,-20033.125,20033.125
527500.0,549661.2,-22161.1875,22161.1875
640000.0,650832.56,-10832.5625,10832.5625
280000.0,244782.33,35217.671875,35217.671875
265000.0,255625.89,9374.109375,9374.109375
569000.0,581231.06,-12231.0625,12231.0625
645000.0,592057.56,52942.4375,52942.4375
975000.0,1045557.4,-70557.375,70557.375
543000.0,495956.94,47043.0625,47043.0625
312620.0,309914.34,2705.65625,2705.65625
475000.0,450235.2,24764.8125,24764.8125
625000.0,748528.25,-123528.25,123528.25
585000.0,646969.75,-61969.75,61969.75
335000.0,340969.6,-5969.59375,5969.59375
160000.0,205424.88,-45424.875,45424.875
442500.0,426291.53,16208.46875,16208.46875
302000.0,317047.2,-15047.1875,15047.1875
305000.0,293614.94,11385.0625,11385.0625
450000.0,431191.1,18808.90625,18808.90625
144975.0,150618.64,-5643.640625,5643.640625
297000.0,345870.75,-48870.75,48870.75
415000.0,455014.44,-40014.4375,40014.4375
273500.0,240897.25,32602.75,32602.75
530000.0,651420.0,-121420.0,121420.0
625000.0,647437.0,-22437.0,22437.0
245000.0,292904.28,-47904.28125,47904.28125
263900.0,262962.03,937.96875,937.96875
310000.0,235283.19,74716.8125,74716.8125
280000.0,331130.2,-51130.1875,51130.1875
480000.0,495557.4,-15557.40625,15557.40625
318000.0,351607.03,-33607.03125,33607.03125
584950.0,633329.4,-48379.375,48379.375
234000.0,272984.97,-38984.96875,38984.96875
354000.0,400177.8,-46177.8125,46177.8125
214000.0,183595.0,30405.0,30405.0
1324050.0,971709.1,352340.875,352340.875
250000.0,284293.78,-34293.78125,34293.78125
820000.0,846136.8,-26136.8125,26136.8125
506000.0,462741.34,43258.65625,43258.65625
663000.0,490388.3,172611.6875,172611.6875
411000.0,367628.1,43371.90625,43371.90625
378000.0,378813.5,-813.5,813.5
252000.0,262569.34,-10569.34375,10569.34375
340000.0,318114.8,21885.1875,21885.1875
655000.0,683867.6,-28867.625,28867.625
260000.0,262749.22,-2749.21875,2749.21875
251700.0,339698.9,-87998.90625,87998.90625
490000.0,456760.5,33239.5,33239.5
500000.0,531287.6,-31287.625,31287.625
655000.0,543978.56,111021.4375,111021.4375
680000.0,725908.1,-45908.125,45908.125
1165000.0,1340456.4,-175456.375,175456.375
255000.0,232034.08,22965.921875,22965.921875
1350000.0,918239.94,431760.0625,431760.0625
346300.0,345881.94,418.0625,418.0625
403000.0,421785.4,-18785.40625,18785.40625
965000.0,940716.7,24283.3125,24283.3125
700000.0,573667.3,126332.6875,126332.6875
392500.0,359604.8,32895.1875,32895.1875
319000.0,254566.89,64433.109375,64433.109375
359500.0,328105.25,31394.75,31394.75
130000.0,180442.89,-50442.890625,50442.890625
293000.0,332563.2,-39563.1875,39563.1875
410000.0,337782.9,72217.09375,72217.09375
780000.0,931774.6,-151774.625,151774.625
805000.0,599950.75,205049.25,205049.25
538000.0,508098.94,29901.0625,29901.0625
600000.0,474059.34,125940.65625,125940.65625
250000.0,213521.34,36478.65625,36478.65625
1190000.0,1322283.5,-132283.5,132283.5
305000.0,250345.7,54654.296875,54654.296875
413800.0,465312.88,-51512.875,51512.875
313000.0,282138.7,30861.3125,30861.3125
455000.0,437319.0,17681.0,17681.0
410000.0,431924.5,-21924.5,21924.5
898000.0,912073.9,-14073.875,14073.875
260000.0,256159.36,3840.640625,3840.640625
518500.0,490771.0,27729.0,27729.0
378000.0,409472.88,-31472.875,31472.875
399950.0,418200.62,-18250.625,18250.625
861111.0,917077.75,-55966.75,55966.75
299000.0,288359.34,10640.65625,10640.65625
1080000.0,1063096.6,16903.375,16903.375
1365000.0,1033195.94,331804.0625,331804.0625
490000.0,446351.12,43648.875,43648.875
339950.0,307994.75,31955.25,31955.25
279000.0,324352.88,-45352.875,45352.875
659000.0,665573.75,-6573.75,6573.75
1300000.0,1043501.4,256498.625,256498.625
545000.0,566388.9,-21388.875,21388.875
341000.0,460991.8,-119991.8125,119991.8125
285000.0,293606.25,-8606.25,8606.25
290000.0,289990.03,9.96875,9.96875
469950.0,442590.47,27359.53125,27359.53125
365000.0,376505.94,-11505.9375,11505.9375
245000.0,285412.47,-40412.46875,40412.46875
541000.0,456580.2,84419.8125,84419.8125
327555.0,344875.7,-17320.6875,17320.6875
570500.0,564721.1,5778.875,5778.875
275000.0,266361.34,8638.65625,8638.65625
789500.0,779177.3,10322.6875,10322.6875
115000.0,181630.03,-66630.03125,66630.03125
246950.0,258438.44,-11488.4375,11488.4375
1227500.0,1186003.0,41497.0,41497.0
685000.0,654644.75,30355.25,30355.25
330000.0,346357.94,-16357.9375,16357.9375
308000.0,306663.5,1336.5,1336.5
170000.0,276978.34,-106978.34375,106978.34375
215000.0,201985.81,13014.1875,13014.1875
565000.0,515290.84,49709.15625,49709.15625
270500.0,277290.47,-6790.46875,6790.46875
450000.0,459687.5,-9687.5,9687.5
245000.0,203520.89,41479.109375,41479.109375
678500.0,686585.5,-8085.5,8085.5
399000.0,384023.4,14976.59375,14976.59375
319000.0,282168.56,36831.4375,36831.4375
385000.0,426120.0,-41120.0,41120.0
1485000.0,1292129.6,192870.375,192870.375
600000.0,548335.0,51665.0,51665.0
369500.0,362995.97,6504.03125,6504.03125
490000.0,494856.1,-4856.09375,4856.09375
282510.0,214480.16,68029.84375,68029.84375
288790.0,357294.62,-68504.625,68504.625
529888.0,555888.0,-26000.0,26000.0
471500.0,502809.1,-31309.09375,31309.09375
1135000.0,1179367.5,-44367.5,44367.5
639500.0,514969.06,124530.9375,124530.9375
623000.0,526689.75,96310.25,96310.25
949950.0,601728.8,348221.1875,348221.1875
1037000.0,1210373.2,-173373.25,173373.25
345000.0,295179.88,49820.125,49820.125
399950.0,388229.03,11720.96875,11720.96875
245000.0,227704.8,17295.203125,17295.203125
1100000.0,830795.6,269204.375,269204.375
530000.0,478944.88,51055.125,51055.125
379260.0,270966.75,108293.25,108293.25
1058800.0,833661.56,225138.4375,225138.4375
372000.0,355965.12,16034.875,16034.875
154500.0,183439.94,-28939.9375,28939.9375
370000.0,436494.84,-66494.84375,66494.84375
405500.0,350827.25,54672.75,54672.75
467500.0,424963.38,42536.625,42536.625
1452000.0,1025873.4,426126.625,426126.625
1681000.0,1918404.2,-237404.25,237404.25
462500.0,375874.5,86625.5,86625.5
790000.0,869043.75,-79043.75,79043.75
610000.0,658912.7,-48912.6875,48912.6875
550700.0,544853.94,5846.0625,5846.0625
452000.0,655937.75,-203937.75,203937.75
565000.0,452170.7,112829.3125,112829.3125
219950.0,204876.67,15073.328125,15073.328125
652500.0,623703.75,28796.25,28796.25
475000.0,335759.22,139240.78125,139240.78125
213550.0,251115.42,-37565.421875,37565.421875
403500.0,516989.53,-113489.53125,113489.53125
320000.0,269965.97,50034.03125,50034.03125
225000.0,228221.78,-3221.78125,3221.78125
925000.0,833608.3,91391.6875,91391.6875
442500.0,459566.5,-17066.5,17066.5
700000.0,567192.6,132807.375,132807.375
610000.0,647114.75,-37114.75,37114.75
760000.0,842679.7,-82679.6875,82679.6875
910000.0,767354.1,142645.875,142645.875
269500.0,243700.84,25799.15625,25799.15625
1650000.0,1533348.0,116652.0,116652.0
319950.0,311879.5,8070.5,8070.5
247000.0,245301.6,1698.40625,1698.40625
400000.0,443192.38,-43192.375,43192.375
520000.0,524642.4,-4642.375,4642.375
435000.0,427552.06,7447.9375,7447.9375
975000.0,933766.3,41233.6875,41233.6875
700000.0,614885.0,85115.0,85115.0
286285.0,264438.5,21846.5,21846.5
500000.0,642268.75,-142268.75,142268.75
334950.0,329807.78,5142.21875,5142.21875
660000.0,518165.28,141834.71875,141834.71875
279000.0,316091.06,-37091.0625,37091.0625
200126.0,300625.12,-100499.125,100499.125
460000.0,511899.47,-51899.46875,51899.46875
340000.0,252749.44,87250.5625,87250.5625
300000.0,367722.78,-67722.78125,67722.78125
375000.0,368795.34,6204.65625,6204.65625
930000.0,609705.0,320295.0,320295.0
332500.0,362417.28,-29917.28125,29917.28125
775000.0,653232.8,121767.1875,121767.1875
455000.0,488197.03,-33197.03125,33197.03125
740000.0,632108.7,107891.3125,107891.3125
287500.0,313549.56,-26049.5625,26049.5625
384205.0,454650.1,-70445.09375,70445.09375
645500.0,518343.72,127156.28125,127156.28125
1769000.0,1543802.4,225197.625,225197.625
105000.0,186715.6,-81715.59375,81715.59375
970000.0,937788.5,32211.5,32211.5
369000.0,304906.5,64093.5,64093.5
541100.0,521345.56,19754.4375,19754.4375
265000.0,301833.7,-36833.6875,36833.6875
595000.0,574747.75,20252.25,20252.25
300000.0,286354.44,13645.5625,13645.5625
235500.0,238985.4,-3485.40625,3485.40625
235000.0,327599.34,-92599.34375,92599.34375
325000.0,312880.78,12119.21875,12119.21875
580000.0,470122.2,109877.8125,109877.8125
349950.0,327525.62,22424.375,22424.375
305000.0,231406.69,73593.3125,73593.3125
625000.0,373816.5,251183.5,251183.5
985000.0,871600.2,113399.8125,113399.8125
398000.0,381912.75,16087.25,16087.25
226000.0,250268.12,-24268.125,24268.125
299950.0,262871.03,37078.96875,37078.96875
625000.0,498216.28,126783.71875,126783.71875
746000.0,630251.06,115748.9375,115748.9375
750000.0,716279.94,33720.0625,33720.0625
269500.0,245401.97,24098.03125,24098.03125
402500.0,396907.25,5592.75,5592.75
245000.0,352565.0,-107565.0,107565.0
380000.0,422938.6,-42938.59375,42938.59375
614000.0,509718.5,104281.5,104281.5
500000.0,419624.44,80375.5625,80375.5625
605000.0,464577.28,140422.71875,140422.71875
495000.0,536929.3,-41929.3125,41929.3125
405000.0,498325.1,-93325.09375,93325.09375
625000.0,667517.0,-42517.0,42517.0
500000.0,405493.2,94506.8125,94506.8125
335000.0,350509.22,-15509.21875,15509.21875
370000.0,438902.94,-68902.9375,68902.9375
239000.0,279574.88,-40574.875,40574.875
465000.0,446503.56,18496.4375,18496.4375
498000.0,573945.3,-75945.3125,75945.3125
443000.0,395558.6,47441.40625,47441.40625
215000.0,213209.81,1790.1875,1790.1875
315000.0,293570.12,21429.875,21429.875
250000.0,398660.62,-148660.625,148660.625
435000.0,451766.38,-16766.375,16766.375
344000.0,363004.62,-19004.625,19004.625
490000.0,500992.12,-10992.125,10992.125
575000.0,647248.7,-72248.6875,72248.6875
435000.0,419281.62,15718.375,15718.375
365500.0,317621.6,47878.40625,47878.40625
650000.0,526922.9,123077.125,123077.125
240000.0,384117.2,-144117.1875,144117.1875
395000.0,322037.53,72962.46875,72962.46875
395000.0,390915.12,4084.875,4084.875
670000.0,532009.06,137990.9375,137990.9375
294000.0,349949.75,-55949.75,55949.75
357000.0,368823.12,-11823.125,11823.125
585000.0,547863.5,37136.5,37136.5
456150.0,426818.34,29331.65625,29331.65625
725000.0,565856.5,159143.5,159143.5
770000.0,567247.25,202752.75,202752.75
557000.0,598485.0,-41485.0,41485.0
475000.0,435966.5,39033.5,39033.5
490500.0,531970.5,-41470.5,41470.5
485000.0,419658.88,65341.125,65341.125
329000.0,299297.22,29702.78125,29702.78125
470000.0,468442.53,1557.46875,1557.46875
531155.0,464579.94,66575.0625,66575.0625
1610000.0,1586764.6,23235.375,23235.375
389000.0,498203.0,-109203.0,109203.0
635000.0,473017.5,161982.5,161982.5
525000.0,444319.34,80680.65625,80680.65625
525000.0,587515.1,-62515.125,62515.125
420000.0,418802.06,1197.9375,1197.9375
178000.0,191647.97,-13647.96875,13647.96875
286000.0,264784.47,21215.53125,21215.53125
220000.0,260767.88,-40767.875,40767.875
463000.0,419404.8,43595.1875,43595.1875
580000.0,631277.3,-51277.3125,51277.3125
603000.0,498737.3,104262.6875,104262.6875
589900.0,618980.5,-29080.5,29080.5
119500.0,289621.34,-170121.34375,170121.34375
810000.0,824671.56,-14671.5625,14671.5625
315000.0,382557.97,-67557.96875,67557.96875
299000.0,440449.78,-141449.78125,141449.78125
895000.0,1208570.4,-313570.375,313570.375
344000.0,405314.2,-61314.1875,61314.1875
545000.0,325456.9,219543.09375,219543.09375
395000.0,404576.2,-9576.1875,9576.1875
1017000.0,913525.0,103475.0,103475.0
245000.0,340154.38,-95154.375,95154.375
375000.0,265468.44,109531.5625,109531.5625
302000.0,280793.6,21206.40625,21206.40625
950000.0,938598.25,11401.75,11401.75
456500.0,462560.88,-6060.875,6060.875
498000.0,446691.38,51308.625,51308.625
1300000.0,1363305.2,-63305.25,63305.25
850000.0,847737.6,2262.375,2262.375
505000.0,401193.88,103806.125,103806.125
595000.0,474975.28,120024.71875,120024.71875
263000.0,211919.11,51080.890625,51080.890625
250000.0,219806.73,30193.265625,30193.265625
338500.0,336667.6,1832.40625,1832.40625
847700.0,993469.8,-145769.8125,145769.8125
342000.0,358926.75,-16926.75,16926.75
172040.0,265271.78,-93231.78125,93231.78125
447055.0,407332.7,39722.3125,39722.3125
473000.0,447518.56,25481.4375,25481.4375
418000.0,497717.16,-79717.15625,79717.15625
355000.0,339976.66,15023.34375,15023.34375
215000.0,359261.7,-144261.6875,144261.6875
286000.0,288013.3,-2013.3125,2013.3125
272000.0,273340.3,-1340.3125,1340.3125
336500.0,352125.8,-15625.8125,15625.8125
725000.0,952268.6,-227268.625,227268.625
527500.0,537545.6,-10045.625,10045.625
286000.0,290859.72,-4859.71875,4859.71875
710000.0,528172.06,181827.9375,181827.9375
234950.0,216876.19,18073.8125,18073.8125
2400000.0,1834146.8,565853.25,565853.25
243950.0,216994.72,26955.28125,26955.28125
250000.0,298708.1,-48708.09375,48708.09375
388000.0,413748.8,-25748.8125,25748.8125
439950.0,449178.88,-9228.875,9228.875
397000.0,480399.56,-83399.5625,83399.5625
1740000.0,1550090.0,189910.0,189910.0
406500.0,451765.94,-45265.9375,45265.9375
485500.0,462552.06,22947.9375,22947.9375
453000.0,499889.2,-46889.1875,46889.1875
480000.0,537193.56,-57193.5625,57193.5625
441500.0,540438.56,-98938.5625,98938.5625
351999.0,391139.25,-39140.25,39140.25
887200.0,536790.56,350409.4375,350409.4375
307550.0,322587.75,-15037.75,15037.75
160000.0,207439.83,-47439.828125,47439.828125
444950.0,464821.9,-19871.90625,19871.90625
399950.0,419208.88,-19258.875,19258.875
389900.0,359042.12,30857.875,30857.875
294000.0,476738.34,-182738.34375,182738.34375
552500.0,415266.4,137233.59375,137233.59375
279000.0,286938.9,-7938.90625,7938.90625
460000.0,404253.75,55746.25,55746.25
358000.0,329460.1,28539.90625,28539.90625
320000.0,356133.56,-36133.5625,36133.5625
375000.0,443164.88,-68164.875,68164.875
525000.0,550728.94,-25728.9375,25728.9375
690000.0,728784.7,-38784.6875,38784.6875
599000.0,556314.4,42685.625,42685.625
600000.0,646327.75,-46327.75,46327.75
395000.0,412026.12,-17026.125,17026.125
605000.0,489799.4,115200.59375,115200.59375
244000.0,366173.2,-122173.1875,122173.1875
300000.0,335069.25,-35069.25,35069.25
262000.0,199539.89,62460.109375,62460.109375
380000.0,324731.12,55268.875,55268.875
241500.0,301213.16,-59713.15625,59713.15625
1378000.0,1273153.0,104847.0,104847.0
264000.0,248783.69,15216.3125,15216.3125
305000.0,238290.6,66709.40625,66709.40625
827500.0,698069.7,129430.3125,129430.3125
230000.0,203906.92,26093.078125,26093.078125
208000.0,216431.75,-8431.75,8431.75
475000.0,382532.44,92467.5625,92467.5625
315000.0,318230.44,-3230.4375,3230.4375
330000.0,355256.0,-25256.0,25256.0
599380.0,482513.03,116866.96875,116866.96875
625000.0,926179.9,-301179.875,301179.875
257000.0,246884.6,10115.40625,10115.40625
490000.0,515609.88,-25609.875,25609.875
330000.0,306079.44,23920.5625,23920.5625
259000.0,369707.4,-110707.40625,110707.40625
600000.0,483154.94,116845.0625,116845.0625
541500.0,398639.34,142860.65625,142860.65625
478000.0,520061.38,-42061.375,42061.375
895000.0,852575.5,42424.5,42424.5
465000.0,451729.75,13270.25,13270.25
360000.0,373935.56,-13935.5625,13935.5625
250000.0,235246.16,14753.84375,14753.84375
212500.0,225872.88,-13372.875,13372.875
868700.0,1072995.0,-204295.0,204295.0
675000.0,822697.5,-147697.5,147697.5
1175000.0,1044202.2,130797.8125,130797.8125
287500.0,411746.44,-124246.4375,124246.4375
389950.0,410578.72,-20628.71875,20628.71875
260000.0,236742.38,23257.625,23257.625
500000.0,436030.53,63969.46875,63969.46875
670000.0,544900.7,125099.3125,125099.3125
550000.0,602571.8,-52571.8125,52571.8125
330000.0,373279.62,-43279.625,43279.625
493000.0,472867.3,20132.6875,20132.6875
559000.0,556234.8,2765.1875,2765.1875
450000.0,329598.38,120401.625,120401.625
915000.0,917767.1,-2767.125,2767.125
430000.0,483093.66,-53093.65625,53093.65625
700000.0,663065.56,36934.4375,36934.4375
399900.0,413499.9,-13599.90625,13599.90625
335000.0,391630.1,-56630.09375,56630.09375
362000.0,410144.3,-48144.3125,48144.3125
1200000.0,1026718.06,173281.9375,173281.9375
460000.0,572058.94,-112058.9375,112058.9375
775000.0,624962.5,150037.5,150037.5
571000.0,572449.1,-1449.125,1449.125
706000.0,727027.0,-21027.0,21027.0
516500.0,484211.25,32288.75,32288.75
360000.0,523722.06,-163722.0625,163722.0625
475000.0,409006.12,65993.875,65993.875
675000.0,676262.0,-1262.0,1262.0
499500.0,439290.72,60209.28125,60209.28125
700000.0,763822.5,-63822.5,63822.5
360000.0,453069.38,-93069.375,93069.375
450000.0,476916.12,-26916.125,26916.125
251750.0,244462.48,7287.515625,7287.515625
450000.0,499547.97,-49547.96875,49547.96875
339000.0,334388.66,4611.34375,4611.34375
947500.0,1207745.5,-260245.5,260245.5
663000.0,800334.1,-137334.125,137334.125
570000.0,393009.56,176990.4375,176990.4375
840000.0,723808.0,116192.0,116192.0
247300.0,372942.66,-125642.65625,125642.65625
222000.0,242217.94,-20217.9375,20217.9375
375000.0,374110.0,890.0,890.0
1950000.0,1740522.8,209477.25,209477.25
635000.0,534326.7,100673.3125,100673.3125
707000.0,716586.0,-9586.0,9586.0
449500.0,502898.78,-53398.78125,53398.78125
462000.0,458741.97,3258.03125,3258.03125
255000.0,254902.14,97.859375,97.859375
417500.0,426398.06,-8898.0625,8898.0625
320000.0,344422.75,-24422.75,24422.75
399000.0,353867.25,45132.75,45132.75
256000.0,303576.75,-47576.75,47576.75
589000.0,573850.06,15149.9375,15149.9375
349950.0,296177.25,53772.75,53772.75
629000.0,540174.75,88825.25,88825.25
275000.0,306748.62,-31748.625,31748.625
330000.0,308982.06,21017.9375,21017.9375
1058000.0,831096.0,226904.0,226904.0
339950.0,382759.78,-42809.78125,42809.78125
396000.0,389913.22,6086.78125,6086.78125
880000.0,945323.06,-65323.0625,65323.0625
760000.0,870687.1,-110687.125,110687.125
198900.0,215813.0,-16913.0,16913.0
1388000.0,1083038.2,304961.75,304961.75
1325000.0,1201215.2,123784.75,123784.75
507000.0,547410.2,-40410.1875,40410.1875
375000.0,389592.44,-14592.4375,14592.4375
575000.0,721548.8,-146548.8125,146548.8125
532000.0,460433.8,71566.1875,71566.1875
515000.0,483301.47,31698.53125,31698.53125
770000.0,704596.25,65403.75,65403.75
242500.0,241710.97,789.03125,789.03125
465000.0,415049.03,49950.96875,49950.96875
1084500.0,997040.5,87459.5,87459.5
204000.0,178117.48,25882.515625,25882.515625
360000.0,393922.16,-33922.15625,33922.15625
557000.0,576204.8,-19204.8125,19204.8125
501000.0,401369.56,99630.4375,99630.4375
2700000.0,2018264.1,681735.875,681735.875
182000.0,204110.23,-22110.234375,22110.234375
835000.0,899531.1,-64531.125,64531.125
205000.0,261972.06,-56972.0625,56972.0625
642000.0,618409.94,23590.0625,23590.0625
440000.0,466934.53,-26934.53125,26934.53125
350000.0,361384.62,-11384.625,11384.625
996000.0,1355157.0,-359157.0,359157.0
175000.0,312076.75,-137076.75,137076.75
290000.0,275957.44,14042.5625,14042.5625
273000.0,270142.38,2857.625,2857.625
420000.0,407556.1,12443.90625,12443.90625
648000.0,649847.06,-1847.0625,1847.0625
790000.0,648755.4,141244.625,141244.625
495000.0,513835.34,-18835.34375,18835.34375
655000.0,641175.7,13824.3125,13824.3125
819000.0,580211.44,238788.5625,238788.5625
453000.0,492533.53,-39533.53125,39533.53125
310000.0,410372.44,-100372.4375,100372.4375
425590.0,505982.94,-80392.9375,80392.9375
550000.0,861634.7,-311634.6875,311634.6875
600000.0,666747.8,-66747.8125,66747.8125
307000.0,309180.16,-2180.15625,2180.15625
435000.0,381629.88,53370.125,53370.125
570000.0,492174.3,77825.6875,77825.6875
469950.0,455622.38,14327.625,14327.625
495000.0,533617.3,-38617.3125,38617.3125
722500.0,690000.75,32499.25,32499.25
265000.0,243943.84,21056.15625,21056.15625
347500.0,286064.28,61435.71875,61435.71875
1355000.0,928057.9,426942.125,426942.125
390000.0,332941.44,57058.5625,57058.5625
250000.0,235928.72,14071.28125,14071.28125
985000.0,884470.2,100529.8125,100529.8125
830000.0,1005120.1,-175120.125,175120.125
825000.0,719833.3,105166.6875,105166.6875
345000.0,269075.1,75924.90625,75924.90625
557500.0,650614.1,-93114.125,93114.125
729000.0,661422.25,67577.75,67577.75
1364000.0,1271887.1,92112.875,92112.875
319950.0,336803.75,-16853.75,16853.75
284850.0,255497.2,29352.796875,29352.796875
699950.0,663976.75,35973.25,35973.25
430000.0,523224.34,-93224.34375,93224.34375
403000.0,492258.34,-89258.34375,89258.34375
725000.0,610897.0,114103.0,114103.0
542300.0,527234.0,15066.0,15066.0
221000.0,334860.0,-113860.0,113860.0
530000.0,479197.06,50802.9375,50802.9375
730000.0,653740.1,76259.875,76259.875
1665000.0,1839880.9,-174880.875,174880.875
707000.0,483187.66,223812.34375,223812.34375
760000.0,664564.0,95436.0,95436.0
482500.0,443747.25,38752.75,38752.75
298500.0,316030.47,-17530.46875,17530.46875
530000.0,621341.5,-91341.5,91341.5
971971.0,878305.56,93665.4375,93665.4375
600000.0,730458.1,-130458.125,130458.125
315000.0,263249.84,51750.15625,51750.15625
441500.0,466629.6,-25129.59375,25129.59375
689000.0,723532.6,-34532.625,34532.625
382500.0,519270.9,-136770.90625,136770.90625
280000.0,249698.81,30301.1875,30301.1875
484950.0,574496.2,-89546.1875,89546.1875
460000.0,487587.5,-27587.5,27587.5
331000.0,398681.94,-67681.9375,67681.9375
470000.0,505828.06,-35828.0625,35828.0625
252500.0,266803.44,-14303.4375,14303.4375
646000.0,601182.2,44817.8125,44817.8125
375000.0,325043.12,49956.875,49956.875
525000.0,509780.25,15219.75,15219.75
667000.0,507677.56,159322.4375,159322.4375
215000.0,225223.92,-10223.921875,10223.921875
298950.0,277612.5,21337.5,21337.5
380000.0,406232.1,-26232.09375,26232.09375
539950.0,677545.4,-137595.375,137595.375
470000.0,517692.6,-47692.59375,47692.59375
650500.0,635974.94,14525.0625,14525.0625
270000.0,285601.16,-15601.15625,15601.15625
1112000.0,1006481.25,105518.75,105518.75
763776.0,687161.94,76614.0625,76614.0625
546500.0,490222.78,56277.21875,56277.21875
300000.0,305845.12,-5845.125,5845.125
447000.0,404413.38,42586.625,42586.625
360000.0,341489.94,18510.0625,18510.0625
223000.0,223505.73,-505.734375,505.734375
418200.0,300850.0,117350.0,117350.0
865000.0,714375.94,150624.0625,150624.0625
132500.0,202154.42,-69654.421875,69654.421875
301950.0,330021.72,-28071.71875,28071.71875
215000.0,208789.64,6210.359375,6210.359375
537000.0,508219.12,28780.875,28780.875
290000.0,317431.72,-27431.71875,27431.71875
611000.0,625023.25,-14023.25,14023.25
1070000.0,887841.3,182158.6875,182158.6875
500000.0,557759.9,-57759.875,57759.875
370000.0,462917.47,-92917.46875,92917.46875
1700000.0,2399877.0,-699877.0,699877.0
218000.0,221855.25,-3855.25,3855.25
415000.0,392782.88,22217.125,22217.125
663500.0,491895.6,171604.40625,171604.40625
395000.0,541254.56,-146254.5625,146254.5625
277000.0,257420.08,19579.921875,19579.921875
338500.0,293937.7,44562.3125,44562.3125
356000.0,374975.47,-18975.46875,18975.46875
260000.0,357134.84,-97134.84375,97134.84375
552500.0,418514.2,133985.8125,133985.8125
541900.0,547928.3,-6028.3125,6028.3125
353250.0,375976.3,-22726.3125,22726.3125
382000.0,436758.44,-54758.4375,54758.4375
515000.0,555036.2,-40036.1875,40036.1875
340000.0,329094.25,10905.75,10905.75
355000.0,249531.7,105468.296875,105468.296875
348000.0,336650.9,11349.09375,11349.09375
372000.0,337870.56,34129.4375,34129.4375
385000.0,434621.88,-49621.875,49621.875
255000.0,266607.34,-11607.34375,11607.34375
576250.0,536807.94,39442.0625,39442.0625
619850.0,684831.6,-64981.625,64981.625
820000.0,798065.1,21934.875,21934.875
1450000.0,1204531.6,245468.375,245468.375
279800.0,278149.4,1650.59375,1650.59375
745641.0,654942.6,90698.375,90698.375
415000.0,399245.8,15754.1875,15754.1875
570000.0,476637.88,93362.125,93362.125
525000.0,485675.94,39324.0625,39324.0625
318989.0,279310.78,39678.21875,39678.21875
683000.0,721701.6,-38701.625,38701.625
508000.0,550896.0,-42896.0,42896.0
494000.0,495881.25,-1881.25,1881.25
715000.0,570233.7,144766.3125,144766.3125
351000.0,293039.78,57960.21875,57960.21875
600000.0,573339.7,26660.3125,26660.3125
350000.0,313395.62,36604.375,36604.375
350000.0,356630.78,-6630.78125,6630.78125
353000.0,381728.88,-28728.875,28728.875
1050000.0,845614.06,204385.9375,204385.9375
350000.0,355175.03,-5175.03125,5175.03125
320000.0,323322.3,-3322.3125,3322.3125
210000.0,203406.61,6593.390625,6593.390625
430000.0,489178.53,-59178.53125,59178.53125
250000.0,257277.97,-7277.96875,7277.96875
375000.0,459166.1,-84166.09375,84166.09375
630000.0,920814.56,-290814.5625,290814.5625
465000.0,468190.66,-3190.65625,3190.65625
549950.0,545827.0,4123.0,4123.0
220000.0,243006.92,-23006.921875,23006.921875
368750.0,370930.06,-2180.0625,2180.0625
190000.0,203217.75,-13217.75,13217.75
580000.0,544255.1,35744.875,35744.875
372500.0,356329.56,16170.4375,16170.4375
330000.0,391775.03,-61775.03125,61775.03125
438200.0,505638.5,-67438.5,67438.5
379500.0,365718.47,13781.53125,13781.53125
244000.0,281660.4,-37660.40625,37660.40625
535100.0,450463.7,84636.3125,84636.3125
525000.0,447772.6,77227.40625,77227.40625
825000.0,674511.4,150488.625,150488.625
342000.0,422858.34,-80858.34375,80858.34375
410000.0,441313.4,-31313.40625,31313.40625
550000.0,443526.38,106473.625,106473.625
1208000.0,1474799.0,-266799.0,266799.0
290000.0,223269.69,66730.3125,66730.3125
476000.0,407871.06,68128.9375,68128.9375
160000.0,172347.0,-12347.0,12347.0
289950.0,338384.25,-48434.25,48434.25
875000.0,706751.1,168248.875,168248.875
246000.0,301998.97,-55998.96875,55998.96875
370000.0,399895.12,-29895.125,29895.125
349950.0,355247.53,-5297.53125,5297.53125
315000.0,274024.12,40975.875,40975.875
265500.0,249066.19,16433.8125,16433.8125
734990.0,632178.0,102812.0,102812.0
445000.0,448410.2,-3410.1875,3410.1875
659500.0,658524.5,975.5,975.5
350000.0,356205.9,-6205.90625,6205.90625
195000.0,225860.17,-30860.171875,30860.171875
219000.0,260481.8,-41481.796875,41481.796875
685000.0,513602.62,171397.375,171397.375
1039000.0,1156281.9,-117281.875,117281.875
570000.0,520430.03,49569.96875,49569.96875
515055.0,453197.3,61857.6875,61857.6875
350000.0,346784.97,3215.03125,3215.03125
475000.0,470906.1,4093.90625,4093.90625
237000.0,209400.84,27599.15625,27599.15625
100000.0,147412.69,-47412.6875,47412.6875
1170000.0,1369092.9,-199092.875,199092.875
525000.0,556259.75,-31259.75,31259.75
735000.0,795586.3,-60586.3125,60586.3125
308000.0,303633.5,4366.5,4366.5
593567.0,582987.5,10579.5,10579.5
1150000.0,944527.4,205472.625,205472.625
301000.0,350254.6,-49254.59375,49254.59375
430000.0,384974.94,45025.0625,45025.0625
430000.0,496891.47,-66891.46875,66891.46875
276000.0,267800.7,8199.3125,8199.3125
1205000.0,1040007.25,164992.75,164992.75
344200.0,398132.5,-53932.5,53932.5
325000.0,334249.34,-9249.34375,9249.34375
495000.0,649388.6,-154388.625,154388.625
492000.0,630280.56,-138280.5625,138280.5625
437500.0,413391.1,24108.90625,24108.90625
500000.0,457145.72,42854.28125,42854.28125
320000.0,297970.3,22029.6875,22029.6875
561000.0,514045.62,46954.375,46954.375
305000.0,405779.06,-100779.0625,100779.0625
452000.0,463808.3,-11808.3125,11808.3125
471000.0,468352.75,2647.25,2647.25
340000.0,316714.47,23285.53125,23285.53125
240000.0,338405.88,-98405.875,98405.875
230000.0,245277.97,-15277.96875,15277.96875
660000.0,634594.8,25405.1875,25405.1875
1350000.0,1624539.4,-274539.375,274539.375
539000.0,580949.0,-41949.0,41949.0
395000.0,489851.72,-94851.71875,94851.71875
900000.0,904784.5,-4784.5,4784.5
203700.0,286717.6,-83017.59375,83017.59375
361000.0,349038.2,11961.8125,11961.8125
300000.0,293496.78,6503.21875,6503.21875
818000.0,938753.1,-120753.125,120753.125
290000.0,274082.94,15917.0625,15917.0625
470000.0,604985.0,-134985.0,134985.0
1200000.0,1126466.2,73533.75,73533.75
389000.0,360251.84,28748.15625,28748.15625
495000.0,552616.7,-57616.6875,57616.6875
511100.0,411702.06,99397.9375,99397.9375
525000.0,499069.4,25930.59375,25930.59375
739000.0,782663.5,-43663.5,43663.5
395000.0,452650.03,-57650.03125,57650.03125
322500.0,315704.53,6795.46875,6795.46875
650000.0,713150.7,-63150.6875,63150.6875
350000.0,436311.3,-86311.3125,86311.3125
222000.0,191469.66,30530.34375,30530.34375
175000.0,166313.2,8686.796875,8686.796875
1142000.0,1277732.5,-135732.5,135732.5
1325000.0,1012398.8,312601.1875,312601.1875
1900000.0,1192193.5,707806.5,707806.5
280000.0,324805.44,-44805.4375,44805.4375
315000.0,417705.94,-102705.9375,102705.9375
330000.0,306353.38,23646.625,23646.625
229000.0,265118.0,-36118.0,36118.0
336000.0,432784.62,-96784.625,96784.625
560000.0,562933.8,-2933.8125,2933.8125
260000.0,277520.12,-17520.125,17520.125
627000.0,545423.7,81576.3125,81576.3125
415000.0,404449.66,10550.34375,10550.34375
469000.0,445995.4,23004.59375,23004.59375
462000.0,463243.8,-1243.8125,1243.8125
700000.0,577315.4,122684.625,122684.625
248000.0,302526.2,-54526.1875,54526.1875
245000.0,252571.14,-7571.140625,7571.140625
610000.0,673914.06,-63914.0625,63914.0625
328000.0,375261.3,-47261.3125,47261.3125
389000.0,339771.2,49228.8125,49228.8125
280000.0,263495.5,16504.5,16504.5
1175000.0,1033116.1,141883.875,141883.875
600000.0,554556.9,45443.125,45443.125
739000.0,637578.75,101421.25,101421.25
1199000.0,1196124.8,2875.25,2875.25
580000.0,594425.25,-14425.25,14425.25
590000.0,480721.75,109278.25,109278.25
653450.0,518603.3,134846.6875,134846.6875
455000.0,446468.2,8531.8125,8531.8125
1130000.0,1066826.0,63174.0,63174.0
348000.0,332686.6,15313.40625,15313.40625
735000.0,602739.6,132260.375,132260.375
395000.0,371491.88,23508.125,23508.125
250000.0,236571.97,13428.03125,13428.03125
1545000.0,622868.06,922131.9375,922131.9375
325000.0,323846.62,1153.375,1153.375
427000.0,557526.44,-130526.4375,130526.4375
222000.0,213675.75,8324.25,8324.25
467500.0,467060.12,439.875,439.875
495000.0,444469.38,50530.625,50530.625
272000.0,308674.88,-36674.875,36674.875
1600000.0,1518630.6,81369.375,81369.375
367000.0,252798.14,114201.859375,114201.859375
355000.0,294938.44,60061.5625,60061.5625
225000.0,198031.23,26968.765625,26968.765625
400000.0,519713.84,-119713.84375,119713.84375
325000.0,303745.6,21254.40625,21254.40625
495500.0,683617.25,-188117.25,188117.25
410000.0,463481.12,-53481.125,53481.125
355000.0,318029.88,36970.125,36970.125
299000.0,320592.1,-21592.09375,21592.09375
475000.0,450672.94,24327.0625,24327.0625
247000.0,155260.72,91739.28125,91739.28125
1575000.0,978116.0,596884.0,596884.0
604000.0,452580.53,151419.46875,151419.46875
299500.0,206064.53,93435.46875,93435.46875
399950.0,285341.16,114608.84375,114608.84375
408000.0,414798.56,-6798.5625,6798.5625
352500.0,453487.8,-100987.8125,100987.8125
350000.0,315699.12,34300.875,34300.875
495000.0,446890.78,48109.21875,48109.21875
206000.0,207899.1,-1899.09375,1899.09375
397000.0,341781.22,55218.78125,55218.78125
2250000.0,1983512.9,266487.125,266487.125
289950.0,282276.47,7673.53125,7673.53125
242000.0,248889.06,-6889.0625,6889.0625
255000.0,266549.62,-11549.625,11549.625
258000.0,271705.03,-13705.03125,13705.03125
749950.0,713781.44,36168.5625,36168.5625
700000.0,614921.94,85078.0625,85078.0625
715000.0,767245.06,-52245.0625,52245.0625
813000.0,583228.9,229771.125,229771.125
525000.0,590216.4,-65216.375,65216.375
605000.0,541595.3,63404.6875,63404.6875
450000.0,431554.34,18445.65625,18445.65625
674000.0,606697.0,67303.0,67303.0
525000.0,486914.66,38085.34375,38085.34375
475000.0,470731.88,4268.125,4268.125
580000.0,647069.75,-67069.75,67069.75
560000.0,510172.25,49827.75,49827.75
861990.0,866306.5,-4316.5,4316.5
560000.0,622963.06,-62963.0625,62963.0625
489000.0,570412.06,-81412.0625,81412.0625
434000.0,423749.3,10250.6875,10250.6875
490000.0,485443.0,4557.0,4557.0
1216000.0,1087124.8,128875.25,128875.25
285950.0,251677.64,34272.359375,34272.359375
360000.0,348544.56,11455.4375,11455.4375
215000.0,233566.42,-18566.421875,18566.421875
179000.0,180816.19,-1816.1875,1816.1875
355000.0,497234.2,-142234.1875,142234.1875
154000.0,223104.31,-69104.3125,69104.3125
418000.0,437297.75,-19297.75,19297.75
250000.0,199081.23,50918.765625,50918.765625
185000.0,160873.9,24126.09375,24126.09375
840000.0,814631.0,25369.0,25369.0
665000.0,596309.2,68690.8125,68690.8125
231500.0,237034.48,-5534.484375,5534.484375
633634.0,673663.44,-40029.4375,40029.4375
270000.0,267748.34,2251.65625,2251.65625
358803.0,357074.9,1728.09375,1728.09375
416500.0,543756.56,-127256.5625,127256.5625
632925.0,631078.06,1846.9375,1846.9375
396800.0,494513.12,-97713.125,97713.125
210490.0,166612.78,43877.21875,43877.21875
436952.0,418293.56,18658.4375,18658.4375
592500.0,546735.56,45764.4375,45764.4375
500000.0,496037.34,3962.65625,3962.65625
607000.0,650101.8,-43101.8125,43101.8125
602500.0,523389.53,79110.46875,79110.46875
115000.0,207607.66,-92607.65625,92607.65625
345000.0,214527.61,130472.390625,130472.390625
180000.0,189991.77,-9991.765625,9991.765625
377000.0,353679.34,23320.65625,23320.65625
401000.0,670578.4,-269578.375,269578.375
452500.0,481291.94,-28791.9375,28791.9375
288400.0,283131.4,5268.59375,5268.59375
729000.0,703318.0,25682.0,25682.0
535000.0,495758.78,39241.21875,39241.21875
352800.0,322616.03,30183.96875,30183.96875
1000000.0,1140728.9,-140728.875,140728.875
477500.0,417538.7,59961.3125,59961.3125
228950.0,208161.58,20788.421875,20788.421875
642000.0,795009.1,-153009.125,153009.125
500000.0,399143.38,100856.625,100856.625
409950.0,442121.78,-32171.78125,32171.78125
185000.0,204442.78,-19442.78125,19442.78125
753888.0,663046.6,90841.375,90841.375
775000.0,637138.06,137861.9375,137861.9375
424950.0,467761.3,-42811.3125,42811.3125
720000.0,536381.7,183618.3125,183618.3125
605000.0,592674.5,12325.5,12325.5
400000.0,418547.34,-18547.34375,18547.34375
579000.0,603515.0,-24515.0,24515.0
475000.0,533385.8,-58385.8125,58385.8125
1288000.0,1293775.8,-5775.75,5775.75
309212.0,278711.53,30500.46875,30500.46875
780000.0,794409.6,-14409.625,14409.625
491000.0,427019.06,63980.9375,63980.9375
250000.0,306945.0,-56945.0,56945.0
488800.0,573394.94,-84594.9375,84594.9375
990000.0,884325.1,105674.875,105674.875
290000.0,362729.5,-72729.5,72729.5
480000.0,426058.25,53941.75,53941.75
358000.0,314226.7,43773.3125,43773.3125
212000.0,285186.62,-73186.625,73186.625
355000.0,396498.28,-41498.28125,41498.28125
861000.0,726792.75,134207.25,134207.25
685000.0,644638.0,40362.0,40362.0
359000.0,321104.3,37895.6875,37895.6875
615000.0,536421.06,78578.9375,78578.9375
656000.0,656903.06,-903.0625,903.0625
350000.0,433371.94,-83371.9375,83371.9375
707000.0,786992.6,-79992.625,79992.625
465000.0,457128.72,7871.28125,7871.28125
202000.0,216853.02,-14853.015625,14853.015625
325000.0,273634.0,51366.0,51366.0
215000.0,214978.39,21.609375,21.609375
825000.0,598712.75,226287.25,226287.25
749999.0,792802.9,-42803.875,42803.875
710000.0,735390.75,-25390.75,25390.75
455000.0,477977.5,-22977.5,22977.5
243000.0,251429.83,-8429.828125,8429.828125
410000.0,382144.47,27855.53125,27855.53125
700000.0,723319.5,-23319.5,23319.5
470000.0,466446.3,3553.6875,3553.6875
309500.0,243427.22,66072.78125,66072.78125
410000.0,580088.6,-170088.625,170088.625
189950.0,204908.33,-14958.328125,14958.328125
1886700.0,1591383.8,295316.25,295316.25
540000.0,577810.0,-37810.0,37810.0
485000.0,420513.0,64487.0,64487.0
665000.0,751723.1,-86723.125,86723.125
345000.0,396772.88,-51772.875,51772.875
294000.0,341859.78,-47859.78125,47859.78125
979700.0,1350634.8,-370934.75,370934.75
467100.0,455100.8,11999.1875,11999.1875
255000.0,258615.95,-3615.953125,3615.953125
320000.0,345081.97,-25081.96875,25081.96875
312000.0,264740.03,47259.96875,47259.96875
320000.0,327148.8,-7148.8125,7148.8125
425000.0,550337.25,-125337.25,125337.25
425000.0,234342.66,190657.34375,190657.34375
1001000.0,825456.9,175543.125,175543.125
335000.0,315806.62,19193.375,19193.375
925000.0,876506.5,48493.5,48493.5
1080000.0,980544.25,99455.75,99455.75
229000.0,259029.89,-30029.890625,30029.890625
717550.0,881538.8,-163988.8125,163988.8125
780000.0,765599.75,14400.25,14400.25
650000.0,746570.56,-96570.5625,96570.5625
725000.0,743176.44,-18176.4375,18176.4375
195000.0,214397.12,-19397.125,19397.125
269500.0,280048.78,-10548.78125,10548.78125
300000.0,310287.56,-10287.5625,10287.5625
450000.0,392956.75,57043.25,57043.25
455000.0,430081.8,24918.1875,24918.1875
525000.0,477095.8,47904.1875,47904.1875
219950.0,213742.81,6207.1875,6207.1875
200500.0,225277.4,-24777.40625,24777.40625
1110000.0,1205200.4,-95200.375,95200.375
620000.0,521449.47,98550.53125,98550.53125
350000.0,273678.34,76321.65625,76321.65625
375000.0,416029.06,-41029.0625,41029.0625
545000.0,506196.25,38803.75,38803.75
491000.0,395768.78,95231.21875,95231.21875
740000.0,755513.56,-15513.5625,15513.5625
587000.0,568757.5,18242.5,18242.5
271900.0,242145.42,29754.578125,29754.578125
352950.0,367957.8,-15007.8125,15007.8125
1008000.0,1040937.0,-32937.0,32937.0
750000.0,784655.94,-34655.9375,34655.9375
482000.0,426984.44,55015.5625,55015.5625
535000.0,424130.97,110869.03125,110869.03125
399000.0,386483.94,12516.0625,12516.0625
465000.0,487319.75,-22319.75,22319.75
490000.0,509571.25,-19571.25,19571.25
554000.0,540446.3,13553.6875,13553.6875
285000.0,279713.8,5286.1875,5286.1875
526500.0,538283.3,-11783.3125,11783.3125
729000.0,579033.5,149966.5,149966.5
800000.0,790421.0,9579.0,9579.0
355000.0,343539.7,11460.3125,11460.3125
815000.0,633595.2,181404.8125,181404.8125
894000.0,797337.1,96662.875,96662.875
485000.0,534628.44,-49628.4375,49628.4375
965000.0,1113801.4,-148801.375,148801.375
665000.0,722525.25,-57525.25,57525.25
352500.0,346150.56,6349.4375,6349.4375
702000.0,690911.44,11088.5625,11088.5625
390000.0,344475.3,45524.6875,45524.6875
180000.0,226330.23,-46330.234375,46330.234375
375000.0,381968.5,-6968.5,6968.5
230000.0,246358.22,-16358.21875,16358.21875
745000.0,648569.75,96430.25,96430.25
540000.0,535303.44,4696.5625,4696.5625
754950.0,732081.7,22868.3125,22868.3125
246000.0,247534.58,-1534.578125,1534.578125
505000.0,437975.53,67024.46875,67024.46875
353500.0,327706.22,25793.78125,25793.78125
233000.0,317497.72,-84497.71875,84497.71875
455000.0,484279.6,-29279.59375,29279.59375
330000.0,300554.9,29445.09375,29445.09375
450000.0,473880.34,-23880.34375,23880.34375
431000.0,446647.94,-15647.9375,15647.9375
438800.0,523860.44,-85060.4375,85060.4375
500000.0,480325.8,19674.1875,19674.1875
910000.0,910022.5,-22.5,22.5
185000.0,184410.8,589.203125,589.203125
510000.0,433039.75,76960.25,76960.25
865000.0,1085078.0,-220078.0,220078.0
605000.0,607666.3,-2666.3125,2666.3125
471000.0,412623.44,58376.5625,58376.5625
306000.0,360526.1,-54526.09375,54526.09375
347500.0,313005.53,34494.46875,34494.46875
250000.0,461442.2,-211442.1875,211442.1875
270000.0,276018.0,-6018.0,6018.0
845000.0,560351.56,284648.4375,284648.4375
349000.0,402507.62,-53507.625,53507.625
722500.0,1028321.2,-305821.1875,305821.1875
300000.0,367757.84,-67757.84375,67757.84375
450000.0,489935.8,-39935.8125,39935.8125
355000.0,486290.94,-131290.9375,131290.9375
240000.0,203979.08,36020.921875,36020.921875
790000.0,805177.9,-15177.875,15177.875
502550.0,465999.88,36550.125,36550.125
357000.0,628206.6,-271206.625,271206.625
299950.0,347933.12,-47983.125,47983.125
472500.0,577349.5,-104849.5,104849.5
399950.0,496105.47,-96155.46875,96155.46875
338000.0,343374.6,-5374.59375,5374.59375
260600.0,305592.38,-44992.375,44992.375
422500.0,394645.62,27854.375,27854.375
435000.0,428321.34,6678.65625,6678.65625
790000.0,634925.94,155074.0625,155074.0625
252500.0,289979.78,-37479.78125,37479.78125
475000.0,499005.62,-24005.625,24005.625
775000.0,830009.25,-55009.25,55009.25
2983000.0,2765710.5,217289.5,217289.5
435000.0,462313.47,-27313.46875,27313.46875
562000.0,634715.25,-72715.25,72715.25
345000.0,328352.84,16647.15625,16647.15625
855000.0,860192.94,-5192.9375,5192.9375
390000.0,377179.75,12820.25,12820.25
640000.0,635195.44,4804.5625,4804.5625
225000.0,293197.72,-68197.71875,68197.71875
465000.0,476674.22,-11674.21875,11674.21875
163000.0,222450.36,-59450.359375,59450.359375
715000.0,708902.5,6097.5,6097.5
360000.0,398101.0,-38101.0,38101.0
402500.0,575394.9,-172894.875,172894.875
85000.0,163581.48,-78581.484375,78581.484375
305000.0,381190.1,-76190.09375,76190.09375
704111.0,719785.94,-15674.9375,15674.9375
270000.0,318122.4,-48122.40625,48122.40625
790000.0,633331.2,156668.8125,156668.8125
698000.0,668507.0,29493.0,29493.0
1655000.0,1077649.9,577350.125,577350.125
401500.0,394177.7,7322.3125,7322.3125
265000.0,234210.39,30789.609375,30789.609375
713500.0,634097.5,79402.5,79402.5
405000.0,399424.03,5575.96875,5575.96875
972000.0,1181485.1,-209485.125,209485.125
450000.0,490472.97,-40472.96875,40472.96875
465000.0,460372.75,4627.25,4627.25
559500.0,533842.3,25657.6875,25657.6875
1199500.0,1141254.4,58245.625,58245.625
215000.0,270685.25,-55685.25,55685.25
550000.0,785362.6,-235362.625,235362.625
400000.0,409402.6,-9402.59375,9402.59375
660000.0,731421.5,-71421.5,71421.5
265953.0,236579.19,29373.8125,29373.8125
613200.0,588301.2,24898.8125,24898.8125
482000.0,514262.34,-32262.34375,32262.34375
323000.0,367525.38,-44525.375,44525.375
396500.0,400999.56,-4499.5625,4499.5625
494995.0,465345.72,29649.28125,29649.28125
690000.0,727463.25,-37463.25,37463.25
645000.0,680815.06,-35815.0625,35815.0625
119900.0,197289.66,-77389.65625,77389.65625
380000.0,277328.56,102671.4375,102671.4375
689000.0,828610.1,-139610.125,139610.125
330000.0,348597.4,-18597.40625,18597.40625
257100.0,239722.94,17377.0625,17377.0625
272000.0,221214.66,50785.34375,50785.34375
699950.0,597005.1,102944.875,102944.875
700000.0,839996.56,-139996.5625,139996.5625
1620000.0,1220547.1,399452.875,399452.875
850000.0,857900.7,-7900.6875,7900.6875
714000.0,839279.94,-125279.9375,125279.9375
535000.0,450184.1,84815.90625,84815.90625
345000.0,311789.38,33210.625,33210.625
230000.0,257909.08,-27909.078125,27909.078125
319000.0,314666.62,4333.375,4333.375
559950.0,500670.7,59279.3125,59279.3125
595000.0,634358.8,-39358.8125,39358.8125
421000.0,354282.94,66717.0625,66717.0625
396000.0,368329.62,27670.375,27670.375
445000.0,440788.47,4211.53125,4211.53125
450000.0,450714.2,-714.1875,714.1875
500000.0,470180.9,29819.09375,29819.09375
482500.0,599820.9,-117320.875,117320.875
325000.0,378353.88,-53353.875,53353.875
1234570.0,956842.1,277727.875,277727.875
359000.0,388337.88,-29337.875,29337.875
548000.0,520755.22,27244.78125,27244.78125
580000.0,550743.1,29256.875,29256.875
779000.0,796428.94,-17428.9375,17428.9375
265000.0,245203.12,19796.875,19796.875
325000.0,361002.62,-36002.625,36002.625
640000.0,648823.4,-8823.375,8823.375
357000.0,483334.66,-126334.65625,126334.65625
398750.0,544885.1,-146135.125,146135.125
472000.0,488451.3,-16451.3125,16451.3125
359950.0,363972.12,-4022.125,4022.125
602000.0,513678.06,88321.9375,88321.9375
455000.0,405696.66,49303.34375,49303.34375
399950.0,443511.6,-43561.59375,43561.59375
490000.0,546950.44,-56950.4375,56950.4375
1340000.0,1299061.2,40938.75,40938.75
740000.0,827366.5,-87366.5,87366.5
575000.0,789702.94,-214702.9375,214702.9375
115000.0,173635.97,-58635.96875,58635.96875
765000.0,823205.3,-58205.3125,58205.3125
471001.0,594505.75,-123504.75,123504.75
225000.0,243223.48,-18223.484375,18223.484375
564450.0,588215.94,-23765.9375,23765.9375
245000.0,146096.55,98903.453125,98903.453125
765000.0,783173.44,-18173.4375,18173.4375
409950.0,405564.34,4385.65625,4385.65625
378000.0,351775.72,26224.28125,26224.28125
639950.0,576597.3,63352.6875,63352.6875
390000.0,337540.75,52459.25,52459.25
940000.0,876083.6,63916.375,63916.375
360000.0,376902.2,-16902.1875,16902.1875
280000.0,353836.56,-73836.5625,73836.5625
400000.0,364187.06,35812.9375,35812.9375
695000.0,677571.25,17428.75,17428.75
827000.0,706361.0,120639.0,120639.0
275000.0,380488.4,-105488.40625,105488.40625
397000.0,371770.44,25229.5625,25229.5625
740000.0,563449.44,176550.5625,176550.5625
342000.0,289967.62,52032.375,52032.375
360000.0,418999.03,-58999.03125,58999.03125
1020000.0,612055.7,407944.3125,407944.3125
500000.0,505214.34,-5214.34375,5214.34375
551000.0,584465.5,-33465.5,33465.5
390000.0,454387.84,-64387.84375,64387.84375
244500.0,244516.58,-16.578125,16.578125
388000.0,339307.16,48692.84375,48692.84375
233000.0,202941.38,30058.625,30058.625
325000.0,284308.7,40691.3125,40691.3125
880000.0,931680.44,-51680.4375,51680.4375
490000.0,535092.1,-45092.125,45092.125
325000.0,466546.4,-141546.40625,141546.40625
551000.0,626202.25,-75202.25,75202.25
554500.0,541932.2,12567.8125,12567.8125
630000.0,593328.25,36671.75,36671.75
457000.0,436990.9,20009.09375,20009.09375
242000.0,280926.97,-38926.96875,38926.96875
699000.0,778950.0,-79950.0,79950.0
260000.0,268389.78,-8389.78125,8389.78125
139000.0,230022.94,-91022.9375,91022.9375
774900.0,591651.2,183248.8125,183248.8125
546000.0,563724.6,-17724.625,17724.625
450000.0,448254.97,1745.03125,1745.03125
200000.0,231338.52,-31338.515625,31338.515625
525000.0,506486.94,18513.0625,18513.0625
997950.0,879718.06,118231.9375,118231.9375
1285000.0,1009693.25,275306.75,275306.75
575000.0,542406.9,32593.125,32593.125
775000.0,579685.5,195314.5,195314.5
298700.0,279138.47,19561.53125,19561.53125
722800.0,977739.2,-254939.1875,254939.1875
640000.0,680221.25,-40221.25,40221.25
349500.0,356409.78,-6909.78125,6909.78125
349900.0,319012.25,30887.75,30887.75
549900.0,505247.6,44652.40625,44652.40625
381500.0,528607.5,-147107.5,147107.5
365000.0,346561.12,18438.875,18438.875
605000.0,503422.78,101577.21875,101577.21875
272000.0,296399.06,-24399.0625,24399.0625
1278000.0,1295935.6,-17935.625,17935.625
375000.0,403765.2,-28765.1875,28765.1875
415000.0,378193.0,36807.0,36807.0
450000.0,394730.7,55269.3125,55269.3125
995500.0,1079497.2,-83997.25,83997.25
575000.0,686834.3,-111834.3125,111834.3125
1160000.0,1065332.5,94667.5,94667.5
820000.0,832124.6,-12124.625,12124.625
460000.0,568950.6,-108950.625,108950.625
549950.0,487332.28,62617.71875,62617.71875
549000.0,646662.56,-97662.5625,97662.5625
580135.0,571581.2,8553.8125,8553.8125
450000.0,457075.1,-7075.09375,7075.09375
455000.0,263830.4,191169.59375,191169.59375
325000.0,287817.56,37182.4375,37182.4375
1950000.0,1610329.9,339670.125,339670.125
240000.0,270130.28,-30130.28125,30130.28125
230000.0,258880.23,-28880.234375,28880.234375
365000.0,460992.25,-95992.25,95992.25
570000.0,400093.5,169906.5,169906.5
600000.0,386495.34,213504.65625,213504.65625
243500.0,254161.53,-10661.53125,10661.53125
785000.0,762108.25,22891.75,22891.75
696000.0,664316.25,31683.75,31683.75
300000.0,322612.34,-22612.34375,22612.34375
3418800.0,2570298.2,848501.75,848501.75
320000.0,285351.5,34648.5,34648.5
212000.0,210997.72,1002.28125,1002.28125
360000.0,322989.78,37010.21875,37010.21875
525000.0,582118.06,-57118.0625,57118.0625
465000.0,494740.97,-29740.96875,29740.96875
442500.0,444541.44,-2041.4375,2041.4375
407185.0,483025.47,-75840.46875,75840.46875
401000.0,331197.47,69802.53125,69802.53125
450000.0,467377.8,-17377.8125,17377.8125
390000.0,364221.1,25778.90625,25778.90625
665000.0,711764.6,-46764.625,46764.625
905000.0,1034159.06,-129159.0625,129159.0625
317500.0,272675.88,44824.125,44824.125
399895.0,378379.88,21515.125,21515.125
265000.0,258499.08,6500.921875,6500.921875
540000.0,522310.5,17689.5,17689.5
340000.0,346358.94,-6358.9375,6358.9375
660000.0,641215.44,18784.5625,18784.5625
991700.0,706969.56,284730.4375,284730.4375
260000.0,225542.47,34457.53125,34457.53125
798750.0,599162.9,199587.125,199587.125
1040890.0,1051350.8,-10460.75,10460.75
465000.0,462113.78,2886.21875,2886.21875
255000.0,253474.56,1525.4375,1525.4375
475000.0,490992.9,-15992.90625,15992.90625
315000.0,282962.97,32037.03125,32037.03125
314500.0,334792.3,-20292.3125,20292.3125
825000.0,886342.2,-61342.1875,61342.1875
410000.0,414986.12,-4986.125,4986.125
842000.0,554294.06,287705.9375,287705.9375
429000.0,409161.38,19838.625,19838.625
760000.0,607658.75,152341.25,152341.25
630000.0,541647.5,88352.5,88352.5
440000.0,446038.8,-6038.8125,6038.8125
905000.0,920936.6,-15936.625,15936.625
402500.0,528725.44,-126225.4375,126225.4375
248000.0,343200.4,-95200.40625,95200.40625
195000.0,206859.22,-11859.21875,11859.21875
465000.0,448044.7,16955.3125,16955.3125
289500.0,260612.25,28887.75,28887.75
1436000.0,1728167.4,-292167.375,292167.375
190000.0,188288.81,1711.1875,1711.1875
674950.0,566236.56,108713.4375,108713.4375
399000.0,355574.94,43425.0625,43425.0625
689000.0,777778.6,-88778.625,88778.625
599000.0,541840.2,57159.8125,57159.8125
675000.0,623472.44,51527.5625,51527.5625
640000.0,575869.75,64130.25,64130.25
697000.0,705608.94,-8608.9375,8608.9375
845000.0,895137.6,-50137.625,50137.625
350000.0,383417.03,-33417.03125,33417.03125
277500.0,329263.16,-51763.15625,51763.15625
343000.0,396314.56,-53314.5625,53314.5625
980000.0,963781.3,16218.6875,16218.6875
542500.0,534673.8,7826.1875,7826.1875
419950.0,456571.03,-36621.03125,36621.03125
1125000.0,830567.5,294432.5,294432.5
205000.0,242172.67,-37172.671875,37172.671875
445000.0,427006.84,17993.15625,17993.15625
151600.0,198842.16,-47242.15625,47242.15625
254000.0,281022.1,-27022.09375,27022.09375
225000.0,192152.72,32847.28125,32847.28125
202000.0,377763.3,-175763.3125,175763.3125
470000.0,538592.44,-68592.4375,68592.4375
3070000.0,2121795.8,948204.25,948204.25
839950.0,792395.44,47554.5625,47554.5625
495000.0,541396.5,-46396.5,46396.5
265000.0,258616.94,6383.0625,6383.0625
452000.0,410960.7,41039.3125,41039.3125
285000.0,285782.6,-782.59375,782.59375
164950.0,264106.3,-99156.3125,99156.3125
415000.0,487338.3,-72338.3125,72338.3125
792000.0,629634.7,162365.3125,162365.3125
456500.0,517448.25,-60948.25,60948.25
458450.0,401334.72,57115.28125,57115.28125
525000.0,570664.0,-45664.0,45664.0
236000.0,204736.44,31263.5625,31263.5625
452000.0,622397.75,-170397.75,170397.75
405000.0,392089.0,12911.0,12911.0
535000.0,562824.3,-27824.3125,27824.3125
545000.0,589076.5,-44076.5,44076.5
485000.0,649011.56,-164011.5625,164011.5625
456000.0,606263.2,-150263.1875,150263.1875
319990.0,292520.44,27469.5625,27469.5625
365000.0,361856.75,3143.25,3143.25
625000.0,625051.9,-51.875,51.875
620000.0,455908.8,164091.1875,164091.1875
1350000.0,1263586.1,86413.875,86413.875
1629000.0,1236996.1,392003.875,392003.875
865950.0,1055149.6,-189199.625,189199.625
262000.0,301895.6,-39895.59375,39895.59375
544900.0,537382.1,7517.875,7517.875
488500.0,461400.4,27099.59375,27099.59375
571500.0,325841.7,245658.3125,245658.3125
568000.0,563144.8,4855.1875,4855.1875
579950.0,422597.9,157352.09375,157352.09375
231500.0,246154.38,-14654.375,14654.375
499950.0,575227.56,-75277.5625,75277.5625
325000.0,323794.72,1205.28125,1205.28125
494000.0,402592.06,91407.9375,91407.9375
293000.0,410935.97,-117935.96875,117935.96875
550000.0,557357.9,-7357.875,7357.875
365000.0,365411.66,-411.65625,411.65625
430000.0,431733.8,-1733.8125,1733.8125
1925000.0,1842748.4,82251.625,82251.625
851000.0,797008.7,53991.3125,53991.3125
558000.0,668501.25,-110501.25,110501.25
1880000.0,1374084.4,505915.625,505915.625
740000.0,999224.1,-259224.125,259224.125
998500.0,687643.75,310856.25,310856.25
1075000.0,1087971.1,-12971.125,12971.125
575000.0,550922.25,24077.75,24077.75
592500.0,558919.6,33580.375,33580.375
965000.0,952538.4,12461.625,12461.625
796000.0,977522.9,-181522.875,181522.875
240000.0,263446.5,-23446.5,23446.5
439900.0,507624.78,-67724.78125,67724.78125
340000.0,411234.72,-71234.71875,71234.71875
499000.0,353348.62,145651.375,145651.375
264950.0,233966.6,30983.40625,30983.40625
490000.0,497753.72,-7753.71875,7753.71875
705000.0,886032.0,-181032.0,181032.0
1072000.0,1079529.1,-7529.125,7529.125
385000.0,411078.25,-26078.25,26078.25
667000.0,640800.4,26199.625,26199.625
277284.0,375153.97,-97869.96875,97869.96875
249000.0,275090.88,-26090.875,26090.875
283500.0,330702.56,-47202.5625,47202.5625
849000.0,797091.5,51908.5,51908.5
266750.0,266912.38,-162.375,162.375
287500.0,356042.53,-68542.53125,68542.53125
305000.0,256417.7,48582.296875,48582.296875
420000.0,407599.62,12400.375,12400.375
810000.0,909526.25,-99526.25,99526.25
1038000.0,1404657.8,-366657.75,366657.75
409950.0,404002.06,5947.9375,5947.9375
778983.0,666114.75,112868.25,112868.25
425000.0,442908.44,-17908.4375,17908.4375
345000.0,451188.12,-106188.125,106188.125
220000.0,312824.7,-92824.6875,92824.6875
815000.0,676669.75,138330.25,138330.25
838000.0,851748.25,-13748.25,13748.25
400000.0,399464.4,535.59375,535.59375
429950.0,425221.22,4728.78125,4728.78125
590000.0,511747.66,78252.34375,78252.34375
394500.0,433013.75,-38513.75,38513.75
465000.0,487763.3,-22763.3125,22763.3125
295000.0,292432.28,2567.71875,2567.71875
635000.0,621573.25,13426.75,13426.75
361000.0,318712.12,42287.875,42287.875
332000.0,367953.6,-35953.59375,35953.59375
300000.0,392962.72,-92962.71875,92962.71875
850000.0,905194.44,-55194.4375,55194.4375
291500.0,249036.27,42463.734375,42463.734375
305000.0,279916.62,25083.375,25083.375
567500.0,587966.9,-20466.875,20466.875
875000.0,856064.25,18935.75,18935.75
290000.0,437277.72,-147277.71875,147277.71875
750000.0,758833.75,-8833.75,8833.75
210000.0,288883.44,-78883.4375,78883.4375
347500.0,382418.25,-34918.25,34918.25
535000.0,493977.2,41022.8125,41022.8125
1450000.0,1112554.0,337446.0,337446.0
429000.0,526517.5,-97517.5,97517.5
319950.0,301778.72,18171.28125,18171.28125
500000.0,621455.3,-121455.3125,121455.3125
330000.0,387971.06,-57971.0625,57971.0625
425000.0,396221.56,28778.4375,28778.4375
435000.0,446996.06,-11996.0625,11996.0625
342000.0,282800.8,59199.1875,59199.1875
260000.0,191503.81,68496.1875,68496.1875
197500.0,190297.69,7202.3125,7202.3125
635500.0,638468.3,-2968.3125,2968.3125
590000.0,438578.25,151421.75,151421.75
555000.0,434591.22,120408.78125,120408.78125
229500.0,307102.22,-77602.21875,77602.21875
1280000.0,1018479.4,261520.625,261520.625
254000.0,260501.92,-6501.921875,6501.921875
386500.0,365498.1,21001.90625,21001.90625
739000.0,993697.25,-254697.25,254697.25
269900.0,278067.44,-8167.4375,8167.4375
336000.0,336909.75,-909.75,909.75
425500.0,409459.62,16040.375,16040.375
1315000.0,1337944.2,-22944.25,22944.25
435000.0,448082.72,-13082.71875,13082.71875
460458.0,433227.72,27230.28125,27230.28125
420000.0,495460.06,-75460.0625,75460.0625
409000.0,464243.34,-55243.34375,55243.34375
290000.0,309208.16,-19208.15625,19208.15625
400000.0,382126.25,17873.75,17873.75
625000.0,490034.88,134965.125,134965.125
695000.0,795011.4,-100011.375,100011.375
350000.0,606856.1,-256856.125,256856.125
664000.0,395043.25,268956.75,268956.75
527700.0,613460.5,-85760.5,85760.5
485000.0,530867.75,-45867.75,45867.75
486700.0,438228.72,48471.28125,48471.28125
485000.0,499369.34,-14369.34375,14369.34375
1165000.0,1428850.2,-263850.25,263850.25
371000.0,394295.38,-23295.375,23295.375
475300.0,507963.28,-32663.28125,32663.28125
284000.0,276239.2,7760.8125,7760.8125
822500.0,801526.5,20973.5,20973.5
290000.0,338372.62,-48372.625,48372.625
520000.0,455330.03,64669.96875,64669.96875
250000.0,309596.47,-59596.46875,59596.46875
539950.0,593995.2,-54045.1875,54045.1875
433500.0,501997.94,-68497.9375,68497.9375
560200.0,534751.3,25448.6875,25448.6875
325900.0,304305.47,21594.53125,21594.53125
405000.0,351692.2,53307.8125,53307.8125
450000.0,583948.5,-133948.5,133948.5
1050000.0,1318411.5,-268411.5,268411.5
400000.0,391629.34,8370.65625,8370.65625
542000.0,416157.62,125842.375,125842.375
425000.0,391037.8,33962.1875,33962.1875
630000.0,666971.0,-36971.0,36971.0
795000.0,768745.06,26254.9375,26254.9375
275250.0,274630.3,619.6875,619.6875
2250000.0,1731037.5,518962.5,518962.5
300000.0,309627.78,-9627.78125,9627.78125
2140000.0,1441613.8,698386.25,698386.25
185000.0,293417.03,-108417.03125,108417.03125
250000.0,230456.16,19543.84375,19543.84375
728000.0,740509.94,-12509.9375,12509.9375
179000.0,266729.4,-87729.40625,87729.40625
157500.0,221158.55,-63658.546875,63658.546875
329950.0,295292.22,34657.78125,34657.78125
446000.0,448470.47,-2470.46875,2470.46875
735000.0,732468.56,2531.4375,2531.4375
1085000.0,1257816.4,-172816.375,172816.375
259950.0,234662.9,25287.09375,25287.09375
495000.0,518930.3,-23930.3125,23930.3125
580000.0,512033.25,67966.75,67966.75
589000.0,645049.44,-56049.4375,56049.4375
675000.0,597286.44,77713.5625,77713.5625
270000.0,362488.47,-92488.46875,92488.46875
274500.0,263864.38,10635.625,10635.625
970000.0,936047.0,33953.0,33953.0
400000.0,260748.23,139251.765625,139251.765625
146000.0,176745.34,-30745.34375,30745.34375
1100000.0,930585.5,169414.5,169414.5
658000.0,644271.1,13728.875,13728.875
615000.0,607897.0,7103.0,7103.0
221000.0,195404.23,25595.765625,25595.765625
1050000.0,973504.8,76495.1875,76495.1875
994000.0,907818.25,86181.75,86181.75
690000.0,805862.4,-115862.375,115862.375
700000.0,627290.6,72709.375,72709.375
245000.0,276446.34,-31446.34375,31446.34375
525000.0,463364.0,61636.0,61636.0
372000.0,402723.4,-30723.40625,30723.40625
325000.0,332834.47,-7834.46875,7834.46875
740000.0,856889.25,-116889.25,116889.25
467000.0,404396.03,62603.96875,62603.96875
450000.0,924125.0,-474125.0,474125.0
660000.0,1023449.94,-363449.9375,363449.9375
575000.0,473010.72,101989.28125,101989.28125
248000.0,271601.12,-23601.125,23601.125
215000.0,208618.47,6381.53125,6381.53125
424000.0,550455.4,-126455.375,126455.375
302000.0,217774.44,84225.5625,84225.5625
463000.0,465486.88,-2486.875,2486.875
664000.0,654378.8,9621.1875,9621.1875
223000.0,213441.75,9558.25,9558.25
414000.0,402930.88,11069.125,11069.125
765000.0,695563.06,69436.9375,69436.9375
695000.0,639573.2,55426.8125,55426.8125
830000.0,1000872.2,-170872.1875,170872.1875
156000.0,195513.66,-39513.65625,39513.65625
1242000.0,1545200.2,-303200.25,303200.25
255000.0,342424.6,-87424.59375,87424.59375
413252.0,446736.53,-33484.53125,33484.53125
359000.0,335237.38,23762.625,23762.625
825000.0,894810.7,-69810.6875,69810.6875
328500.0,389903.2,-61403.1875,61403.1875
239950.0,232823.86,7126.140625,7126.140625
240000.0,234102.53,5897.46875,5897.46875
825500.0,672195.1,153304.875,153304.875
485000.0,546606.8,-61606.8125,61606.8125
160000.0,377803.3,-217803.3125,217803.3125
660000.0,530064.9,129935.125,129935.125
405000.0,299036.72,105963.28125,105963.28125
588000.0,868015.9,-280015.875,280015.875
525000.0,604043.0,-79043.0,79043.0
555000.0,509717.53,45282.46875,45282.46875
270000.0,363322.22,-93322.21875,93322.21875
440000.0,411155.12,28844.875,28844.875
855000.0,925659.8,-70659.8125,70659.8125
850000.0,1054343.9,-204343.875,204343.875
540000.0,546427.5,-6427.5,6427.5
1200000.0,1175437.5,24562.5,24562.5
325000.0,386598.2,-61598.1875,61598.1875
295000.0,288584.38,6415.625,6415.625
820000.0,807043.7,12956.3125,12956.3125
425000.0,504870.44,-79870.4375,79870.4375
525000.0,536773.1,-11773.125,11773.125
290000.0,300080.03,-10080.03125,10080.03125
216000.0,214791.48,1208.515625,1208.515625
550000.0,396812.62,153187.375,153187.375
235000.0,217574.31,17425.6875,17425.6875
378500.0,396164.9,-17664.90625,17664.90625
219950.0,259338.38,-39388.375,39388.375
682000.0,663280.0,18720.0,18720.0
465000.0,607416.56,-142416.5625,142416.5625
589000.0,813968.56,-224968.5625,224968.5625
744000.0,619825.8,124174.1875,124174.1875
315000.0,367526.78,-52526.78125,52526.78125
565000.0,537304.75,27695.25,27695.25
602000.0,636627.25,-34627.25,34627.25
308950.0,274994.88,33955.125,33955.125
282500.0,267215.97,15284.03125,15284.03125
1305000.0,960058.7,344941.3125,344941.3125
310000.0,335324.34,-25324.34375,25324.34375
1078000.0,645765.9,432234.125,432234.125
395000.0,429621.06,-34621.0625,34621.0625
400000.0,473653.97,-73653.96875,73653.96875
438500.0,509909.6,-71409.59375,71409.59375
745000.0,694707.25,50292.75,50292.75
510000.0,508490.62,1509.375,1509.375
489000.0,478092.84,10907.15625,10907.15625
589999.0,542907.8,47091.1875,47091.1875
357500.0,369106.75,-11606.75,11606.75
732000.0,711823.6,20176.375,20176.375
1550000.0,1278768.8,271231.25,271231.25
570000.0,643575.3,-73575.3125,73575.3125
233000.0,215596.38,17403.625,17403.625
221000.0,239394.86,-18394.859375,18394.859375
525000.0,487545.2,37454.8125,37454.8125
625000.0,578552.75,46447.25,46447.25
422000.0,502126.25,-80126.25,80126.25
549995.0,505377.7,44617.3125,44617.3125
420000.0,497506.0,-77506.0,77506.0
291600.0,268986.56,22613.4375,22613.4375
210000.0,202834.19,7165.8125,7165.8125
1150000.0,559633.8,590366.1875,590366.1875
780500.0,914075.75,-133575.75,133575.75
478000.0,474938.6,3061.40625,3061.40625
1250000.0,964190.4,285809.625,285809.625
370000.0,342219.25,27780.75,27780.75
725000.0,611075.9,113924.125,113924.125
986000.0,830158.9,155841.125,155841.125
864000.0,915169.6,-51169.625,51169.625
255000.0,269078.16,-14078.15625,14078.15625
670000.0,642705.0,27295.0,27295.0
566950.0,488699.2,78250.8125,78250.8125
180000.0,265170.6,-85170.59375,85170.59375
245000.0,212676.94,32323.0625,32323.0625
299500.0,258283.95,41216.046875,41216.046875
1675000.0,1465996.9,209003.125,209003.125
795000.0,777762.3,17237.6875,17237.6875
677915.0,752735.4,-74820.375,74820.375
1260000.0,933973.9,326026.125,326026.125
469500.0,430173.72,39326.28125,39326.28125
470000.0,487172.9,-17172.90625,17172.90625
260000.0,257766.2,2233.796875,2233.796875
430000.0,437408.7,-7408.6875,7408.6875
500000.0,470319.03,29680.96875,29680.96875
445500.0,469515.94,-24015.9375,24015.9375
175000.0,168360.83,6639.171875,6639.171875
520000.0,588312.44,-68312.4375,68312.4375
530000.0,520239.47,9760.53125,9760.53125
575000.0,628913.94,-53913.9375,53913.9375
703000.0,636593.9,66406.125,66406.125
375000.0,403697.44,-28697.4375,28697.4375
216500.0,267192.53,-50692.53125,50692.53125
475000.0,463904.3,11095.6875,11095.6875
397500.0,354319.44,43180.5625,43180.5625
277000.0,238518.64,38481.359375,38481.359375
615000.0,570825.6,44174.375,44174.375
340000.0,333050.7,6949.3125,6949.3125
387000.0,387735.44,-735.4375,735.4375
555000.0,668705.94,-113705.9375,113705.9375
645000.0,563518.2,81481.8125,81481.8125
295000.0,309774.56,-14774.5625,14774.5625
435000.0,420656.2,14343.8125,14343.8125
458000.0,477418.53,-19418.53125,19418.53125
135000.0,227657.03,-92657.03125,92657.03125
322000.0,318612.12,3387.875,3387.875
335500.0,353909.44,-18409.4375,18409.4375
545000.0,518416.38,26583.625,26583.625
208000.0,199023.9,8976.09375,8976.09375
645000.0,655022.56,-10022.5625,10022.5625
435000.0,478750.78,-43750.78125,43750.78125
305000.0,325175.2,-20175.1875,20175.1875
461500.0,451736.62,9763.375,9763.375
390000.0,440882.22,-50882.21875,50882.21875
435000.0,438179.8,-3179.8125,3179.8125
299800.0,322239.06,-22439.0625,22439.0625
615000.0,666435.7,-51435.6875,51435.6875
442500.0,462435.2,-19935.1875,19935.1875
425000.0,416993.12,8006.875,8006.875
279900.0,225514.08,54385.921875,54385.921875
480000.0,436142.8,43857.1875,43857.1875
438000.0,390326.56,47673.4375,47673.4375
559000.0,548453.2,10546.8125,10546.8125
775000.0,827930.8,-52930.8125,52930.8125
349950.0,377225.44,-27275.4375,27275.4375
1131000.0,646119.5,484880.5,484880.5
175000.0,368969.8,-193969.8125,193969.8125
3000000.0,2116945.0,883055.0,883055.0
575000.0,533674.8,41325.1875,41325.1875
425000.0,378094.88,46905.125,46905.125
285000.0,340870.44,-55870.4375,55870.4375
700000.0,333904.28,366095.71875,366095.71875
567000.0,726376.25,-159376.25,159376.25
763000.0,768168.3,-5168.3125,5168.3125
325000.0,315150.44,9849.5625,9849.5625
680000.0,580464.94,99535.0625,99535.0625
324950.0,376329.66,-51379.65625,51379.65625
481000.0,419436.8,61563.1875,61563.1875
513000.0,477998.94,35001.0625,35001.0625
330000.0,283904.44,46095.5625,46095.5625
550000.0,525993.56,24006.4375,24006.4375
445000.0,313771.53,131228.46875,131228.46875
380000.0,441097.97,-61097.96875,61097.96875
365000.0,448068.62,-83068.625,83068.625
645000.0,527635.94,117364.0625,117364.0625
153500.0,224270.78,-70770.78125,70770.78125
353000.0,362558.66,-9558.65625,9558.65625
233000.0,379841.62,-146841.625,146841.625
1385000.0,1185763.2,199236.75,199236.75
279000.0,272616.84,6383.15625,6383.15625
566000.0,517277.56,48722.4375,48722.4375
449950.0,430363.7,19586.3125,19586.3125
345000.0,400008.03,-55008.03125,55008.03125
1450000.0,1008908.75,441091.25,441091.25
269000.0,258625.33,10374.671875,10374.671875
702000.0,646307.44,55692.5625,55692.5625
325000.0,292728.06,32271.9375,32271.9375
564800.0,458868.4,105931.59375,105931.59375
610000.0,627205.1,-17205.125,17205.125
650000.0,694319.1,-44319.125,44319.125
420000.0,353527.25,66472.75,66472.75
417000.0,406324.3,10675.6875,10675.6875
1202500.0,1141183.6,61316.375,61316.375
545000.0,585218.5,-40218.5,40218.5
855000.0,837762.94,17237.0625,17237.0625
436000.0,395951.12,40048.875,40048.875
310000.0,364652.75,-54652.75,54652.75
529500.0,574397.06,-44897.0625,44897.0625
351000.0,374763.8,-23763.8125,23763.8125
960000.0,988332.8,-28332.8125,28332.8125
479000.0,413407.66,65592.34375,65592.34375
265000.0,299087.2,-34087.1875,34087.1875
202500.0,275188.75,-72688.75,72688.75
176000.0,284679.03,-108679.03125,108679.03125
190000.0,291483.66,-101483.65625,101483.65625
380000.0,360363.88,19636.125,19636.125
350000.0,324504.5,25495.5,25495.5
291000.0,249355.67,41644.328125,41644.328125
412000.0,472781.62,-60781.625,60781.625
629000.0,482621.66,146378.34375,146378.34375
259900.0,239551.77,20348.234375,20348.234375
284000.0,254719.89,29280.109375,29280.109375
715000.0,865475.75,-150475.75,150475.75
651000.0,672034.25,-21034.25,21034.25
439000.0,508727.8,-69727.8125,69727.8125
298900.0,258516.58,40383.421875,40383.421875
680000.0,611224.5,68775.5,68775.5
389500.0,336135.7,53364.3125,53364.3125
680000.0,448829.03,231170.96875,231170.96875
230000.0,212907.27,17092.734375,17092.734375
358000.0,320383.94,37616.0625,37616.0625
290000.0,278999.8,11000.1875,11000.1875
395000.0,283648.97,111351.03125,111351.03125
353000.0,317808.25,35191.75,35191.75
750000.0,646173.06,103826.9375,103826.9375
478000.0,553947.4,-75947.375,75947.375
397950.0,363404.34,34545.65625,34545.65625
370000.0,424775.0,-54775.0,54775.0
525300.0,481620.22,43679.78125,43679.78125
1206690.0,1005168.06,201521.9375,201521.9375
830000.0,530153.9,299846.125,299846.125
419000.0,499308.4,-80308.40625,80308.40625
426500.0,489861.53,-63361.53125,63361.53125
530000.0,529607.56,392.4375,392.4375
302500.0,268575.66,33924.34375,33924.34375
382500.0,318310.25,64189.75,64189.75
350000.0,465869.25,-115869.25,115869.25
275000.0,275433.97,-433.96875,433.96875
490000.0,424003.56,65996.4375,65996.4375
250000.0,327415.7,-77415.6875,77415.6875
437500.0,518485.12,-80985.125,80985.125
967000.0,865092.9,101907.125,101907.125
485000.0,359096.22,125903.78125,125903.78125
240000.0,302815.12,-62815.125,62815.125
159995.0,172880.53,-12885.53125,12885.53125
399950.0,392086.0,7864.0,7864.0
599950.0,723069.8,-123119.8125,123119.8125
322000.0,416135.0,-94135.0,94135.0
355500.0,344900.03,10599.96875,10599.96875
245000.0,291711.44,-46711.4375,46711.4375
275000.0,365517.25,-90517.25,90517.25
415000.0,395874.1,19125.90625,19125.90625
660000.0,573766.3,86233.6875,86233.6875
1400000.0,1389811.0,10189.0,10189.0
115000.0,146646.95,-31646.953125,31646.953125
285000.0,348881.44,-63881.4375,63881.4375
305000.0,245553.9,59446.09375,59446.09375
390000.0,388498.66,1501.34375,1501.34375
490000.0,435902.88,54097.125,54097.125
290000.0,350783.1,-60783.09375,60783.09375
515000.0,592240.56,-77240.5625,77240.5625
566000.0,469101.5,96898.5,96898.5
395000.0,358373.7,36626.3125,36626.3125
329500.0,322472.7,7027.3125,7027.3125
352000.0,299193.3,52806.6875,52806.6875
425000.0,516836.72,-91836.71875,91836.71875
375000.0,451960.28,-76960.28125,76960.28125
601500.0,535601.1,65898.875,65898.875
420000.0,379909.34,40090.65625,40090.65625
355000.0,420141.8,-65141.8125,65141.8125
339300.0,414175.2,-74875.1875,74875.1875
1105000.0,1015010.0,89990.0,89990.0
529219.0,548676.06,-19457.0625,19457.0625
255000.0,269284.03,-14284.03125,14284.03125
420000.0,490174.16,-70174.15625,70174.15625
449000.0,411200.2,37799.8125,37799.8125
585000.0,504415.16,80584.84375,80584.84375
440000.0,442277.4,-2277.40625,2277.40625
305000.0,314022.1,-9022.09375,9022.09375
358000.0,316865.22,41134.78125,41134.78125
463000.0,484590.06,-21590.0625,21590.0625
835000.0,793945.4,41054.625,41054.625
594866.0,652027.9,-57161.875,57161.875
208000.0,181448.25,26551.75,26551.75
460000.0,425220.0,34780.0,34780.0
260000.0,233805.33,26194.671875,26194.671875
427005.0,399180.3,27824.6875,27824.6875
258000.0,300870.62,-42870.625,42870.625
300000.0,645402.6,-345402.625,345402.625
1245000.0,1241963.1,3036.875,3036.875
875000.0,727122.0,147878.0,147878.0
820000.0,855021.5,-35021.5,35021.5
700000.0,985905.0,-285905.0,285905.0
718000.0,695120.75,22879.25,22879.25
733000.0,732942.4,57.625,57.625
298500.0,275592.94,22907.0625,22907.0625
279000.0,219692.52,59307.484375,59307.484375
429900.0,346623.28,83276.71875,83276.71875
370000.0,357623.94,12376.0625,12376.0625
480000.0,517225.25,-37225.25,37225.25
457000.0,476038.7,-19038.6875,19038.6875
190000.0,268450.2,-78450.1875,78450.1875
299000.0,285606.06,13393.9375,13393.9375
299000.0,280211.75,18788.25,18788.25
1411600.0,1383988.8,27611.25,27611.25
220000.0,224399.78,-4399.78125,4399.78125
449950.0,405593.75,44356.25,44356.25
252000.0,253633.92,-1633.921875,1633.921875
1288000.0,1383753.8,-95753.75,95753.75
185000.0,251761.19,-66761.1875,66761.1875
417500.0,390951.3,26548.6875,26548.6875
324000.0,326289.47,-2289.46875,2289.46875
699950.0,766553.94,-66603.9375,66603.9375
738500.0,573524.5,164975.5,164975.5
785000.0,674207.8,110792.1875,110792.1875
269800.0,281826.47,-12026.46875,12026.46875
245000.0,254376.14,-9376.140625,9376.140625
545000.0,483583.2,61416.8125,61416.8125
781000.0,672259.9,108740.125,108740.125
289000.0,341014.16,-52014.15625,52014.15625
442200.0,443840.34,-1640.34375,1640.34375
835000.0,643779.75,191220.25,191220.25
300000.0,305500.88,-5500.875,5500.875
190000.0,677595.75,-487595.75,487595.75
272450.0,275545.62,-3095.625,3095.625
358000.0,448755.4,-90755.40625,90755.40625
355000.0,305993.34,49006.65625,49006.65625
305000.0,309820.38,-4820.375,4820.375
196440.0,208686.53,-12246.53125,12246.53125
289950.0,300235.75,-10285.75,10285.75
675000.0,732534.94,-57534.9375,57534.9375
779000.0,866780.8,-87780.8125,87780.8125
329000.0,373394.25,-44394.25,44394.25
615000.0,507346.5,107653.5,107653.5
723000.0,630308.2,92691.8125,92691.8125
322968.0,432027.5,-109059.5,109059.5
480000.0,533900.9,-53900.875,53900.875
200000.0,206531.4,-6531.40625,6531.40625
845000.0,779943.06,65056.9375,65056.9375
1015000.0,876829.25,138170.75,138170.75
336000.0,404289.62,-68289.625,68289.625
287000.0,320285.88,-33285.875,33285.875
865000.0,848171.94,16828.0625,16828.0625
257500.0,274803.22,-17303.21875,17303.21875
549950.0,456497.88,93452.125,93452.125
370000.0,375429.56,-5429.5625,5429.5625
1839900.0,1360912.5,478987.5,478987.5
455000.0,481244.66,-26244.65625,26244.65625
700000.0,694843.06,5156.9375,5156.9375
3300000.0,3517721.0,-217721.0,217721.0
202000.0,172342.25,29657.75,29657.75
559000.0,489538.8,69461.1875,69461.1875
656000.0,624329.8,31670.1875,31670.1875
225000.0,199950.97,25049.03125,25049.03125
536000.0,441171.6,94828.40625,94828.40625
700000.0,595630.56,104369.4375,104369.4375
289000.0,287101.5,1898.5,1898.5
335000.0,340170.62,-5170.625,5170.625
375000.0,326545.38,48454.625,48454.625
324500.0,366306.62,-41806.625,41806.625
650000.0,726803.1,-76803.125,76803.125
215000.0,236619.81,-21619.8125,21619.8125
327000.0,336165.2,-9165.1875,9165.1875
660000.0,670545.75,-10545.75,10545.75
310000.0,287221.44,22778.5625,22778.5625
317000.0,392506.16,-75506.15625,75506.15625
425000.0,496812.8,-71812.8125,71812.8125
1795000.0,1389149.8,405850.25,405850.25
460000.0,377577.8,82422.1875,82422.1875
2450000.0,1806822.0,643178.0,643178.0
455000.0,441005.0,13995.0,13995.0
535000.0,539842.06,-4842.0625,4842.0625
302200.0,256773.52,45426.484375,45426.484375
559900.0,521480.8,38419.1875,38419.1875
290000.0,308067.0,-18067.0,18067.0
155000.0,223305.69,-68305.6875,68305.6875
969000.0,954787.5,14212.5,14212.5
199999.0,169725.0,30274.0,30274.0
1065000.0,869240.25,195759.75,195759.75
1520000.0,1291045.8,228954.25,228954.25
390000.0,400622.7,-10622.6875,10622.6875
585000.0,671688.25,-86688.25,86688.25
330000.0,293152.72,36847.28125,36847.28125
270000.0,309812.7,-39812.6875,39812.6875
270000.0,256394.72,13605.28125,13605.28125
980000.0,1077257.2,-97257.25,97257.25
603500.0,881585.06,-278085.0625,278085.0625
595000.0,489785.84,105214.15625,105214.15625
520000.0,512963.84,7036.15625,7036.15625
415000.0,501613.66,-86613.65625,86613.65625
3200000.0,3563092.5,-363092.5,363092.5
393000.0,372033.62,20966.375,20966.375
395000.0,356786.6,38213.40625,38213.40625
525000.0,561727.2,-36727.1875,36727.1875
855169.0,789349.8,65819.1875,65819.1875
183000.0,189895.75,-6895.75,6895.75
335606.0,325542.88,10063.125,10063.125
1385000.0,1310435.4,74564.625,74564.625
700000.0,777885.44,-77885.4375,77885.4375
575000.0,652546.0,-77546.0,77546.0
563950.0,512403.5,51546.5,51546.5
330000.0,273046.4,56953.59375,56953.59375
721500.0,669347.8,52152.1875,52152.1875
170000.0,184555.06,-14555.0625,14555.0625
545000.0,542677.44,2322.5625,2322.5625
752888.0,775942.0,-23054.0,23054.0
329950.0,323498.72,6451.28125,6451.28125
295000.0,297931.12,-2931.125,2931.125
425000.0,407783.94,17216.0625,17216.0625
189900.0,165752.84,24147.15625,24147.15625
419000.0,380029.66,38970.34375,38970.34375
399000.0,455864.9,-56864.90625,56864.90625
307000.0,277401.3,29598.6875,29598.6875
403000.0,515814.47,-112814.46875,112814.46875
863000.0,935176.2,-72176.1875,72176.1875
760000.0,702566.5,57433.5,57433.5
650000.0,587036.8,62963.1875,62963.1875
367400.0,384694.94,-17294.9375,17294.9375
200000.0,273586.75,-73586.75,73586.75
364900.0,371240.75,-6340.75,6340.75
425000.0,498456.28,-73456.28125,73456.28125
755000.0,766959.75,-11959.75,11959.75
315000.0,272386.3,42613.6875,42613.6875
530000.0,506694.7,23305.3125,23305.3125
265000.0,239020.05,25979.953125,25979.953125
813500.0,792551.1,20948.875,20948.875
940000.0,876288.4,63711.625,63711.625
230000.0,207643.5,22356.5,22356.5
438000.0,491548.56,-53548.5625,53548.5625
338000.0,296167.38,41832.625,41832.625
390000.0,413610.34,-23610.34375,23610.34375
889000.0,938008.5,-49008.5,49008.5
557500.0,479311.78,78188.21875,78188.21875
407500.0,332318.12,75181.875,75181.875
830000.0,637037.2,192962.8125,192962.8125
153000.0,215941.67,-62941.671875,62941.671875
650000.0,608910.06,41089.9375,41089.9375
680000.0,581971.5,98028.5,98028.5
640000.0,720571.7,-80571.6875,80571.6875
915000.0,926947.75,-11947.75,11947.75
381000.0,389325.75,-8325.75,8325.75
380000.0,517940.0,-137940.0,137940.0
244000.0,217525.78,26474.21875,26474.21875
952000.0,897532.75,54467.25,54467.25
962000.0,826216.9,135783.125,135783.125
1267500.0,1453875.5,-186375.5,186375.5
1230000.0,927033.5,302966.5,302966.5
530000.0,418774.12,111225.875,111225.875
465000.0,426118.38,38881.625,38881.625
345000.0,345214.3,-214.3125,214.3125
560000.0,563057.8,-3057.8125,3057.8125
745000.0,721981.8,23018.1875,23018.1875
625000.0,709020.8,-84020.8125,84020.8125
470000.0,509801.62,-39801.625,39801.625
385000.0,436317.12,-51317.125,51317.125
500000.0,390307.2,109692.8125,109692.8125
544950.0,440581.25,104368.75,104368.75
631000.0,586600.3,44399.6875,44399.6875
300000.0,313013.28,-13013.28125,13013.28125
699999.0,471965.34,228033.65625,228033.65625
275000.0,308202.47,-33202.46875,33202.46875
401000.0,363871.12,37128.875,37128.875
356000.0,364323.94,-8323.9375,8323.9375
400000.0,415795.84,-15795.84375,15795.84375
200450.0,174201.23,26248.765625,26248.765625
375000.0,309192.25,65807.75,65807.75
475000.0,391074.0,83926.0,83926.0
453000.0,477994.38,-24994.375,24994.375
281000.0,241610.48,39389.515625,39389.515625
320000.0,347529.88,-27529.875,27529.875
318000.0,362991.8,-44991.8125,44991.8125
559500.0,540557.6,18942.375,18942.375
598000.0,643963.94,-45963.9375,45963.9375
287500.0,268459.16,19040.84375,19040.84375
395000.0,390893.16,4106.84375,4106.84375
649000.0,678450.6,-29450.625,29450.625
340000.0,252559.33,87440.671875,87440.671875
424950.0,455085.62,-30135.625,30135.625
109500.0,198434.48,-88934.484375,88934.484375
225000.0,287868.06,-62868.0625,62868.0625
400000.0,416613.1,-16613.09375,16613.09375
400000.0,386460.7,13539.3125,13539.3125
860000.0,621413.8,238586.1875,238586.1875
650000.0,626680.75,23319.25,23319.25
379900.0,277531.75,102368.25,102368.25
118000.0,190326.53,-72326.53125,72326.53125
590000.0,516747.5,73252.5,73252.5
320000.0,326869.1,-6869.09375,6869.09375
400000.0,471450.7,-71450.6875,71450.6875
585000.0,589685.25,-4685.25,4685.25
565000.0,602519.5,-37519.5,37519.5
425000.0,458463.8,-33463.8125,33463.8125
325000.0,458909.12,-133909.125,133909.125
430000.0,487456.84,-57456.84375,57456.84375
305000.0,298062.7,6937.3125,6937.3125
513000.0,563073.94,-50073.9375,50073.9375
462000.0,407375.0,54625.0,54625.0
565000.0,498092.78,66907.21875,66907.21875
874150.0,1095814.2,-221664.25,221664.25
250000.0,502446.72,-252446.71875,252446.71875
145000.0,197254.86,-52254.859375,52254.859375
238000.0,319914.7,-81914.6875,81914.6875
454280.0,421357.22,32922.78125,32922.78125
465000.0,385316.56,79683.4375,79683.4375
575000.0,713837.25,-138837.25,138837.25
600000.0,684313.9,-84313.875,84313.875
253750.0,187679.1,66070.90625,66070.90625
685000.0,507851.88,177148.125,177148.125
578500.0,562875.8,15624.1875,15624.1875
1865000.0,1696308.5,168691.5,168691.5
880000.0,1243528.8,-363528.75,363528.75
750000.0,593029.56,156970.4375,156970.4375
352500.0,345723.3,6776.6875,6776.6875
295832.0,237790.94,58041.0625,58041.0625
950000.0,1117010.6,-167010.625,167010.625
492500.0,516309.1,-23809.09375,23809.09375
517000.0,359117.47,157882.53125,157882.53125
585000.0,527920.3,57079.6875,57079.6875
589000.0,541165.75,47834.25,47834.25
645000.0,477158.16,167841.84375,167841.84375
523950.0,492799.44,31150.5625,31150.5625
200000.0,178467.06,21532.9375,21532.9375
175000.0,234379.75,-59379.75,59379.75
194000.0,196173.34,-2173.34375,2173.34375
649000.0,746591.94,-97591.9375,97591.9375
860000.0,602091.56,257908.4375,257908.4375
325000.0,303445.06,21554.9375,21554.9375
295000.0,328456.5,-33456.5,33456.5
395000.0,443823.84,-48823.84375,48823.84375
628000.0,560028.4,67971.625,67971.625
245000.0,274698.16,-29698.15625,29698.15625
728000.0,670644.9,57355.125,57355.125
80000.0,182479.9,-102479.90625,102479.90625
199900.0,209865.25,-9965.25,9965.25
957000.0,760223.75,196776.25,196776.25
1480000.0,1203367.4,276632.625,276632.625
220000.0,382352.25,-162352.25,162352.25
430000.0,498675.97,-68675.96875,68675.96875
360000.0,331609.28,28390.71875,28390.71875
485500.0,514171.12,-28671.125,28671.125
352450.0,398808.2,-46358.1875,46358.1875
396480.0,318502.75,77977.25,77977.25
1490000.0,1774592.5,-284592.5,284592.5
551100.0,421074.0,130026.0,130026.0
262000.0,328036.1,-66036.09375,66036.09375
404000.0,415882.28,-11882.28125,11882.28125
422500.0,368757.0,53743.0,53743.0
330000.0,276231.03,53768.96875,53768.96875
630000.0,674371.1,-44371.125,44371.125
238950.0,179824.62,59125.375,59125.375
1090000.0,908921.0,181079.0,181079.0
525000.0,621802.7,-96802.6875,96802.6875
192500.0,211515.69,-19015.6875,19015.6875
385000.0,453320.06,-68320.0625,68320.0625
550000.0,447202.44,102797.5625,102797.5625
565000.0,600892.7,-35892.6875,35892.6875
420000.0,518677.0,-98677.0,98677.0
499000.0,566803.8,-67803.8125,67803.8125
399990.0,376225.25,23764.75,23764.75
535000.0,445055.56,89944.4375,89944.4375
265000.0,254052.97,10947.03125,10947.03125
315000.0,223521.72,91478.28125,91478.28125
635250.0,817554.25,-182304.25,182304.25
487585.0,433270.7,54314.3125,54314.3125
571500.0,478566.34,92933.65625,92933.65625
550000.0,578516.3,-28516.3125,28516.3125
342000.0,340691.7,1308.3125,1308.3125
269900.0,275032.1,-5132.09375,5132.09375
340000.0,373985.12,-33985.125,33985.125
258305.0,292688.97,-34383.96875,34383.96875
560000.0,761269.25,-201269.25,201269.25
929000.0,1083505.2,-154505.25,154505.25
500000.0,457836.8,42163.1875,42163.1875
384435.0,340671.22,43763.78125,43763.78125
780000.0,815450.25,-35450.25,35450.25
350000.0,271433.88,78566.125,78566.125
366400.0,362385.47,4014.53125,4014.53125
533380.0,556547.9,-23167.875,23167.875
1307000.0,1408173.1,-101173.125,101173.125
2903000.0,1694316.5,1208683.5,1208683.5
960000.0,936086.3,23913.6875,23913.6875
850000.0,850398.44,-398.4375,398.4375
480000.0,475287.47,4712.53125,4712.53125
380000.0,390114.44,-10114.4375,10114.4375
330000.0,412140.1,-82140.09375,82140.09375
470000.0,523110.1,-53110.09375,53110.09375
500000.0,587255.2,-87255.1875,87255.1875
530000.0,494879.22,35120.78125,35120.78125
616500.0,586087.56,30412.4375,30412.4375
430000.0,431663.84,-1663.84375,1663.84375
1195000.0,978309.06,216690.9375,216690.9375
485000.0,478826.56,6173.4375,6173.4375
519000.0,425729.66,93270.34375,93270.34375
230000.0,223266.5,6733.5,6733.5
410000.0,495149.25,-85149.25,85149.25
288000.0,244169.14,43830.859375,43830.859375
300000.0,225274.84,74725.15625,74725.15625
257000.0,256762.5,237.5,237.5
260000.0,261781.77,-1781.765625,1781.765625
350000.0,340443.22,9556.78125,9556.78125
312900.0,292832.78,20067.21875,20067.21875
655000.0,578154.5,76845.5,76845.5
193000.0,246239.84,-53239.84375,53239.84375
542500.0,503335.4,39164.59375,39164.59375
406500.0,276997.9,129502.09375,129502.09375
445000.0,473595.72,-28595.71875,28595.71875
509500.0,524781.0,-15281.0,15281.0
230000.0,209874.47,20125.53125,20125.53125
270000.0,276926.06,-6926.0625,6926.0625
875000.0,818249.25,56750.75,56750.75
400000.0,416974.0,-16974.0,16974.0
464950.0,448587.25,16362.75,16362.75
600000.0,683321.3,-83321.3125,83321.3125
450000.0,610710.0,-160710.0,160710.0
625000.0,579216.9,45783.125,45783.125
575000.0,532538.0,42462.0,42462.0
1557600.0,1152373.9,405226.125,405226.125
365000.0,381484.7,-16484.6875,16484.6875
832500.0,816646.44,15853.5625,15853.5625
390000.0,307150.84,82849.15625,82849.15625
579000.0,531340.3,47659.6875,47659.6875
162000.0,241103.4,-79103.40625,79103.40625
781000.0,734388.56,46611.4375,46611.4375
367300.0,346210.0,21090.0,21090.0
1250000.0,1455055.9,-205055.875,205055.875
550000.0,561586.9,-11586.875,11586.875
259000.0,298511.3,-39511.3125,39511.3125
729000.0,685162.1,43837.875,43837.875
244615.0,278576.8,-33961.8125,33961.8125
292000.0,283352.38,8647.625,8647.625
937500.0,684211.44,253288.5625,253288.5625
370000.0,547869.75,-177869.75,177869.75
750000.0,592586.3,157413.6875,157413.6875
280000.0,373465.12,-93465.125,93465.125
660000.0,674330.0,-14330.0,14330.0
310000.0,319031.12,-9031.125,9031.125
850000.0,848982.8,1017.1875,1017.1875
365000.0,361846.06,3153.9375,3153.9375
850000.0,758051.9,91948.125,91948.125
1010000.0,979571.3,30428.6875,30428.6875
535000.0,523890.4,11109.59375,11109.59375
545000.0,569530.94,-24530.9375,24530.9375
285000.0,255785.61,29214.390625,29214.390625
455850.0,447382.03,8467.96875,8467.96875
696500.0,572073.1,124426.875,124426.875
505000.0,489471.6,15528.40625,15528.40625
229050.0,222484.1,6565.90625,6565.90625
1050000.0,528142.4,521857.625,521857.625
535000.0,772064.5,-237064.5,237064.5
450000.0,496830.34,-46830.34375,46830.34375
340000.0,340469.2,-469.1875,469.1875
330000.0,380567.16,-50567.15625,50567.15625
283200.0,312975.38,-29775.375,29775.375
950000.0,973345.2,-23345.1875,23345.1875
315000.0,252735.7,62264.296875,62264.296875
263000.0,241750.84,21249.15625,21249.15625
785000.0,452941.5,332058.5,332058.5
800000.0,818603.6,-18603.625,18603.625
144000.0,189106.55,-45106.546875,45106.546875
310000.0,287118.75,22881.25,22881.25
622000.0,639648.9,-17648.875,17648.875
325000.0,337307.44,-12307.4375,12307.4375
845000.0,797445.9,47554.125,47554.125
398651.0,400161.8,-1510.8125,1510.8125
462000.0,561667.75,-99667.75,99667.75
375500.0,413177.47,-37677.46875,37677.46875
295000.0,274239.56,20760.4375,20760.4375
615000.0,574465.0,40535.0,40535.0
452000.0,449953.6,2046.40625,2046.40625
1145000.0,932623.6,212376.375,212376.375
1405000.0,1132653.9,272346.125,272346.125
650000.0,640508.3,9491.6875,9491.6875
345000.0,337567.8,7432.1875,7432.1875
449250.0,495084.1,-45834.09375,45834.09375
191000.0,200148.44,-9148.4375,9148.4375
348000.0,260169.47,87830.53125,87830.53125
340000.0,303359.7,36640.3125,36640.3125
735000.0,665344.7,69655.3125,69655.3125
409000.0,337557.2,71442.8125,71442.8125
250000.0,261905.36,-11905.359375,11905.359375
412000.0,387698.1,24301.90625,24301.90625
600000.0,633780.1,-33780.125,33780.125
232000.0,257257.36,-25257.359375,25257.359375
445000.0,467324.34,-22324.34375,22324.34375
1000000.0,775307.4,224692.625,224692.625
818500.0,1164837.4,-346337.375,346337.375
675000.0,633569.8,41430.1875,41430.1875
910000.0,1089757.1,-179757.125,179757.125
495000.0,588024.7,-93024.6875,93024.6875
147000.0,226193.0,-79193.0,79193.0
312000.0,214215.44,97784.5625,97784.5625
680000.0,587935.5,92064.5,92064.5
349000.0,379988.0,-30988.0,30988.0
500000.0,495779.12,4220.875,4220.875
241500.0,233709.25,7790.75,7790.75
972000.0,1154968.2,-182968.25,182968.25
660000.0,519626.6,140373.40625,140373.40625
1010000.0,954656.4,55343.625,55343.625
265000.0,373232.28,-108232.28125,108232.28125
522000.0,422872.06,99127.9375,99127.9375
370000.0,263377.16,106622.84375,106622.84375
90000.0,245613.62,-155613.625,155613.625
833000.0,768283.4,64716.625,64716.625
303500.0,353487.47,-49987.46875,49987.46875
878000.0,886660.94,-8660.9375,8660.9375
430000.0,441438.84,-11438.84375,11438.84375
339950.0,350626.9,-10676.90625,10676.90625
345000.0,275444.75,69555.25,69555.25
600000.0,802133.6,-202133.625,202133.625
439950.0,398198.2,41751.8125,41751.8125
463000.0,513386.2,-50386.1875,50386.1875
150000.0,223538.36,-73538.359375,73538.359375
245000.0,251899.52,-6899.515625,6899.515625
1298000.0,1403288.0,-105288.0,105288.0
480000.0,566665.5,-86665.5,86665.5
710000.0,856159.0,-146159.0,146159.0
469000.0,439688.47,29311.53125,29311.53125
659950.0,713998.6,-54048.625,54048.625
427000.0,450183.25,-23183.25,23183.25
587450.0,642777.94,-55327.9375,55327.9375
825000.0,1103649.6,-278649.625,278649.625
209995.0,201536.7,8458.296875,8458.296875
615000.0,579809.3,35190.6875,35190.6875
780000.0,763916.5,16083.5,16083.5
580000.0,515066.8,64933.1875,64933.1875
306500.0,302630.94,3869.0625,3869.0625
862500.0,860413.6,2086.375,2086.375
306000.0,383986.06,-77986.0625,77986.0625
256750.0,281142.47,-24392.46875,24392.46875
630000.0,371424.56,258575.4375,258575.4375
500000.0,523884.44,-23884.4375,23884.4375
604000.0,609748.0,-5748.0,5748.0
875000.0,1047933.25,-172933.25,172933.25
464000.0,456398.22,7601.78125,7601.78125
452000.0,479333.72,-27333.71875,27333.71875
536000.0,463923.34,72076.65625,72076.65625
648000.0,657025.25,-9025.25,9025.25
403900.0,355609.53,48290.46875,48290.46875
215000.0,223330.81,-8330.8125,8330.8125
412000.0,375347.56,36652.4375,36652.4375
355000.0,378959.47,-23959.46875,23959.46875
284000.0,295992.28,-11992.28125,11992.28125
470000.0,383730.16,86269.84375,86269.84375
379500.0,345334.5,34165.5,34165.5
308000.0,350335.78,-42335.78125,42335.78125
219000.0,240494.62,-21494.625,21494.625
765000.0,789168.44,-24168.4375,24168.4375
225000.0,213919.2,11080.796875,11080.796875
399950.0,372812.88,27137.125,27137.125
380000.0,365998.28,14001.71875,14001.71875
511718.0,481894.97,29823.03125,29823.03125
439950.0,429175.5,10774.5,10774.5
979500.0,990441.6,-10941.625,10941.625
210000.0,295682.78,-85682.78125,85682.78125
379880.0,430142.12,-50262.125,50262.125
1702500.0,2170087.8,-467587.75,467587.75
900000.0,809721.1,90278.875,90278.875
875000.0,744203.4,130796.625,130796.625
246000.0,248745.5,-2745.5,2745.5
726000.0,708400.3,17599.6875,17599.6875
879000.0,1079285.1,-200285.125,200285.125
691000.0,837191.06,-146191.0625,146191.0625
194000.0,201933.8,-7933.796875,7933.796875
1160000.0,1368378.9,-208378.875,208378.875
380000.0,378194.06,1805.9375,1805.9375
531000.0,508550.75,22449.25,22449.25
459500.0,385627.2,73872.8125,73872.8125
700000.0,745579.44,-45579.4375,45579.4375
600000.0,637452.3,-37452.3125,37452.3125
295000.0,276362.25,18637.75,18637.75
590000.0,533175.25,56824.75,56824.75
310000.0,548395.1,-238395.125,238395.125
649950.0,677170.75,-27220.75,27220.75
749500.0,616181.1,133318.875,133318.875
610000.0,611537.0,-1537.0,1537.0
539000.0,540266.94,-1266.9375,1266.9375
625000.0,511516.88,113483.125,113483.125
449950.0,422152.4,27797.59375,27797.59375
563500.0,500408.62,63091.375,63091.375
175000.0,205850.05,-30850.046875,30850.046875
734000.0,671002.5,62997.5,62997.5
325000.0,275946.4,49053.59375,49053.59375
330000.0,336594.06,-6594.0625,6594.0625
580000.0,535025.75,44974.25,44974.25
248500.0,245064.03,3435.96875,3435.96875
288000.0,310947.25,-22947.25,22947.25
267500.0,264775.12,2724.875,2724.875
340000.0,368867.8,-28867.8125,28867.8125
250000.0,257817.1,-7817.09375,7817.09375
749950.0,706497.06,43452.9375,43452.9375
340000.0,316477.47,23522.53125,23522.53125
680000.0,755700.94,-75700.9375,75700.9375
285900.0,250037.44,35862.5625,35862.5625
759000.0,917833.7,-158833.6875,158833.6875
655000.0,553324.4,101675.625,101675.625
639900.0,557080.5,82819.5,82819.5
538000.0,553711.8,-15711.8125,15711.8125
262000.0,287493.56,-25493.5625,25493.5625
506000.0,566388.3,-60388.3125,60388.3125
150000.0,215681.11,-65681.109375,65681.109375
150000.0,172729.08,-22729.078125,22729.078125
800000.0,634076.94,165923.0625,165923.0625
1580000.0,1327000.6,252999.375,252999.375
425000.0,443589.0,-18589.0,18589.0
305000.0,342692.8,-37692.8125,37692.8125
695000.0,815448.7,-120448.6875,120448.6875
630000.0,575087.7,54912.3125,54912.3125
199129.0,180087.89,19041.109375,19041.109375
561000.0,636409.94,-75409.9375,75409.9375
336800.0,408572.97,-71772.96875,71772.96875
532500.0,431873.44,100626.5625,100626.5625
650000.0,705022.4,-55022.375,55022.375
260000.0,268051.34,-8051.34375,8051.34375
352500.0,317865.84,34634.15625,34634.15625
250000.0,242234.11,7765.890625,7765.890625
225000.0,258321.39,-33321.390625,33321.390625
194000.0,248874.34,-54874.34375,54874.34375
200000.0,290606.84,-90606.84375,90606.84375
379000.0,324355.38,54644.625,54644.625
335000.0,278429.12,56570.875,56570.875
639000.0,651689.06,-12689.0625,12689.0625
475000.0,456864.2,18135.8125,18135.8125
1740000.0,1204427.1,535572.875,535572.875
501000.0,504263.2,-3263.1875,3263.1875
210000.0,232522.3,-22522.296875,22522.296875
275000.0,282309.06,-7309.0625,7309.0625
898000.0,815976.9,82023.125,82023.125
805000.0,733501.06,71498.9375,71498.9375
1580000.0,2754366.0,-1174366.0,1174366.0
530000.0,617399.3,-87399.3125,87399.3125
255000.0,263716.97,-8716.96875,8716.96875
443000.0,359319.94,83680.0625,83680.0625
579000.0,528153.44,50846.5625,50846.5625
300000.0,283372.9,16627.09375,16627.09375
411500.0,564418.0,-152918.0,152918.0
625000.0,682384.9,-57384.875,57384.875
335000.0,335026.12,-26.125,26.125
639000.0,590954.2,48045.8125,48045.8125
315000.0,272339.06,42660.9375,42660.9375
275000.0,268530.6,6469.40625,6469.40625
250000.0,277319.84,-27319.84375,27319.84375
490000.0,538402.44,-48402.4375,48402.4375
595000.0,602946.0,-7946.0,7946.0
677900.0,648563.56,29336.4375,29336.4375
129000.0,170752.7,-41752.703125,41752.703125
152275.0,214892.3,-62617.296875,62617.296875
440000.0,440468.25,-468.25,468.25
615000.0,548713.7,66286.3125,66286.3125
574000.0,576397.75,-2397.75,2397.75
1388000.0,1338394.8,49605.25,49605.25
220000.0,234218.88,-14218.875,14218.875
299000.0,282650.66,16349.34375,16349.34375
685000.0,621416.75,63583.25,63583.25
225000.0,210603.48,14396.515625,14396.515625
249950.0,342701.97,-92751.96875,92751.96875
425000.0,536242.56,-111242.5625,111242.5625
538200.0,527214.94,10985.0625,10985.0625
353000.0,338020.4,14979.59375,14979.59375
448500.0,436560.62,11939.375,11939.375
700000.0,508813.22,191186.78125,191186.78125
750000.0,485393.0,264607.0,264607.0
485000.0,455910.12,29089.875,29089.875
348500.0,439909.5,-91409.5,91409.5
849000.0,754206.25,94793.75,94793.75
418000.0,397437.9,20562.09375,20562.09375
762000.0,657221.4,104778.625,104778.625
419000.0,473789.97,-54789.96875,54789.96875
423000.0,383570.28,39429.71875,39429.71875
260000.0,326211.38,-66211.375,66211.375
456700.0,469880.56,-13180.5625,13180.5625
445000.0,439730.4,5269.59375,5269.59375
848000.0,974201.4,-126201.375,126201.375
765000.0,842233.0,-77233.0,77233.0
254000.0,246143.11,7856.890625,7856.890625
202000.0,206213.16,-4213.15625,4213.15625
600000.0,582940.8,17059.1875,17059.1875
499000.0,382919.3,116080.6875,116080.6875
852000.0,1052689.1,-200689.125,200689.125
605000.0,629472.6,-24472.625,24472.625
268000.0,281651.56,-13651.5625,13651.5625
294000.0,286934.5,7065.5,7065.5
478000.0,358828.2,119171.8125,119171.8125
270000.0,316478.66,-46478.65625,46478.65625
450000.0,493558.1,-43558.09375,43558.09375
492000.0,565394.25,-73394.25,73394.25
390000.0,433622.47,-43622.46875,43622.46875
866059.0,828133.0,37926.0,37926.0
445000.0,582369.06,-137369.0625,137369.0625
1636000.0,1066395.8,569604.25,569604.25
423000.0,504093.44,-81093.4375,81093.4375
835000.0,820892.6,14107.375,14107.375
535000.0,689827.06,-154827.0625,154827.0625
233500.0,257004.05,-23504.046875,23504.046875
293550.0,301670.25,-8120.25,8120.25
228000.0,213207.78,14792.21875,14792.21875
435000.0,410666.06,24333.9375,24333.9375
256900.0,264486.4,-7586.40625,7586.40625
600000.0,637747.8,-37747.8125,37747.8125
641000.0,640973.94,26.0625,26.0625
533500.0,532345.06,1154.9375,1154.9375
142500.0,150722.81,-8222.8125,8222.8125
501000.0,502296.75,-1296.75,1296.75
292600.0,296552.03,-3952.03125,3952.03125
145600.0,187003.03,-41403.03125,41403.03125
248500.0,245273.98,3226.015625,3226.015625
583500.0,670029.9,-86529.875,86529.875
1185000.0,1341881.2,-156881.25,156881.25
768000.0,1003025.94,-235025.9375,235025.9375
